"","Team","Gm","season","GF","GA","G+/-","CF%","CP60","OFOn%","OSh%","OSv%","FO%","PDO","ZSO%","HSCF%","HSC+/-","HSCF","HSCA","HSCF60","HSCA60","HSCP60","SCF%","SC+/-","SCF","SCA","SCF60","SCA60","SCP60","CF%","C+/-","CF","CA","CF60","CA60","CP60","FF%","F+/-","FF60","FA60","FF","FA","FP60","MSF","MSA","BSF","BSA","SF%","S+/-","SF60","SA60","SF","SA","GF60","GA60","GF%","OSh%","OFenSh%","OSv%","OCOn%","OFOn%","FO%","FO_W","FO_L","ZSO","ZSN","ZSD","HIT","HIT-","PN","PN-","PenD","TOI"
"1","DET",81,"20082009",285,237,48,57.6,107.8,73.6,9.7,89.4,55,99.2,53.8,53.5,123,944,821,11.5,10,21.5,56.1,532,2464,1932,30,23.5,53.5,57.6,1342,5096,3754,62,45.7,107.8,56.8,950,48.4,36.8,3975,3025,85.2,1049,783,1121,729,56.6,684,35.6,27.3,2926,2242,3.5,2.9,54.6,9.7,7.2,89.4,57.4,73.6,55,2593,2121,1679,1592,1443,1457,1686,379,409,30,4927.7
"2","CHI",82,"20092010",262,203,59,56.3,105.9,74,9.4,90.1,52.4,99.5,55.5,54.9,165,924,759,11.1,9.1,20.1,54.9,415,2321,1906,27.8,22.8,50.6,56.3,1113,4979,3866,59.6,46.3,105.9,57.5,982,45.3,33.5,3781,2799,78.8,982,741,1198,1067,57.6,741,33.5,24.6,2799,2058,3.1,2.4,56.3,9.4,6.9,90.1,56.2,74,52.4,2340,2126,1629,1530,1307,1555,1901,357,391,34,5012.6
"3","L.A",82,"20132014",198,168,30,55.7,109.2,68.6,7.6,92.2,52.8,99.8,53.6,53,112,989,877,11.9,10.5,22.4,54.8,419,2385,1966,28.6,23.6,52.2,55.7,1035,5067,4032,60.8,48.4,109.2,54.9,678,45.4,37.2,3783,3105,82.6,1188,955,1284,927,54.7,445,31.1,25.8,2595,2150,2.4,2,54.1,7.6,5.2,92.2,51.2,68.6,52.8,2569,2301,1792,1528,1550,2609,2353,375,365,-10,5001.4
"4","PIT",82,"20112012",273,218,55,55.2,112.3,71.9,9.8,90.3,50.4,100.1,54.4,51.7,68,1041,973,12.5,11.7,24.2,55.6,544,2718,2174,32.6,26.1,58.8,55.2,977,5162,4185,62,50.3,112.3,55.3,747,46.4,37.5,3867,3120,83.9,1088,873,1295,1065,55.3,532,33.4,27,2779,2247,3.3,2.6,55.6,9.8,7.1,90.3,53.8,71.9,50.4,2500,2457,1747,1746,1464,2058,1959,372,393,21,4995.6
"5","S.J",82,"20132014",239,193,46,54.5,118,71.3,8.4,91.5,52.8,99.9,50.7,58.6,342,1167,825,13.9,9.9,23.8,58.1,762,2741,1979,32.8,23.6,56.4,54.5,887,5379,4492,64.3,53.7,118,55.5,793,47.8,38.3,3999,3206,86.1,1148,924,1380,1286,55.5,569,34.1,27.3,2851,2282,2.9,2.3,55.3,8.4,6,91.5,53,71.3,52.8,2747,2457,1773,1708,1723,1632,1960,291,363,72,5021.1
"6","S.J",82,"20082009",251,199,52,54.9,106.9,72.9,9.2,91.1,53.8,100.3,54.2,54.4,164,1017,853,12.2,10.2,22.4,56,508,2376,1868,28.5,22.4,50.9,54.9,880,4892,4012,58.7,48.1,106.9,55.1,687,44.8,36.5,3731,3044,81.3,1011,816,1161,968,55,492,32.6,26.7,2720,2228,3,2.4,55.8,9.2,6.7,91.1,55.6,72.9,53.8,2472,2124,1629,1592,1375,2042,1948,417,472,55,4999.9
"7","CHI",82,"20132014",261,212,49,54.9,107.1,74.7,9.6,90.5,52,100.1,55,54.4,156,964,808,11.6,9.7,21.2,54.8,412,2334,1922,28,23,51,54.9,870,4906,4036,58.8,48.4,107.1,54.7,625,43.6,36.1,3638,3013,79.7,921,784,1268,1023,54.9,488,32.6,26.7,2717,2229,3.1,2.5,55.2,9.6,7.2,90.5,55.4,74.7,52,2533,2340,1763,1665,1445,1375,2349,298,309,11,5007.4
"8","DET",81,"20092010",220,203,17,54.7,110,71.6,8.1,91.5,51.1,99.6,54.3,54.3,152,966,814,11.7,9.9,21.6,55,449,2451,2002,29.7,24.2,53.9,54.7,850,4966,4116,60.1,49.8,110,54.1,580,45.9,38.9,3791,3211,84.8,1077,825,1175,905,53.2,328,32.9,28.9,2714,2386,2.7,2.5,52,8.1,5.8,91.5,54.7,71.6,51.1,2316,2216,1669,1461,1402,1957,2097,324,362,38,4955.1
"9","S.J",82,"20102011",243,208,35,54.3,116.1,72.1,8.6,91.2,53.7,99.8,50.8,57.2,297,1178,881,14.1,10.6,24.7,55.7,536,2604,2068,31.3,24.8,56.1,54.3,830,5250,4420,63,53.1,116.1,54.5,648,47.1,39.4,3927,3279,86.5,1095,910,1323,1141,54.5,463,34,28.4,2832,2369,2.9,2.5,53.9,8.6,6.2,91.2,53.9,72.1,53.7,2582,2224,1656,1548,1602,1801,1976,361,374,13,4998.8
"10","CHI",82,"20142015",220,186,34,54.2,113.2,74.8,7.9,92.5,52,100.4,55.2,50.7,25,961,936,11.5,11.2,22.8,53.2,290,2397,2107,28.8,25.3,54.1,54.2,793,5109,4316,61.4,51.9,113.2,53.1,437,44.6,39.4,3713,3276,84,936,799,1396,1040,52.9,300,33.4,29.8,2777,2477,2.6,2.2,54.2,7.9,5.9,92.5,54.4,74.8,52,2553,2352,1861,1536,1508,1357,2317,266,318,52,4994.2
"11","DET",82,"20112012",239,200,39,54.4,105.5,72.6,9.1,91,51.6,100,55.1,52.8,105,976,871,11.7,10.5,22.2,53.4,300,2386,2086,28.6,25,53.7,54.4,782,4786,4004,57.4,48.1,105.5,54.5,603,43.6,36.4,3635,3032,80,997,820,1151,972,54.4,426,31.7,26.5,2638,2212,2.9,2.4,54.4,9.1,6.6,91,55.1,72.6,51.6,2357,2212,1699,1488,1382,1612,1927,315,349,34,4999.3
"12","L.A",82,"20142015",218,197,21,54.1,108.7,69.6,8.6,91.1,51.3,99.7,53.7,52.3,80,894,814,10.7,9.8,20.5,52.4,201,2231,2030,26.8,24.4,51.2,54.1,739,4889,4150,58.8,49.9,108.7,53.6,487,43.8,38,3645,3158,81.8,1109,943,1244,992,53.4,321,30.5,26.6,2536,2215,2.6,2.4,52.5,8.6,6,91.1,51.9,69.6,51.3,2530,2399,1800,1575,1553,2630,2318,308,318,10,4990.9
"13","CGY",81,"20082009",248,242,6,54,109.4,71.5,9.5,89.9,51.4,99.4,54.5,52.4,90,990,900,12.1,11,23.1,54.4,388,2417,2029,29.6,24.8,54.4,54,723,4829,4106,59.1,50.3,109.4,52.3,323,44.7,40.7,3651,3328,85.5,1040,926,1178,778,52.1,209,32,29.4,2611,2402,3,3,50.6,9.5,6.8,89.9,54.1,71.5,51.4,2424,2291,1706,1587,1422,1531,1521,486,493,7,4900.2
"14","WSH",82,"20082009",268,240,28,53.7,115.4,72.2,9.8,90.1,51.7,99.8,52.1,51.8,70,1019,949,12.3,11.4,23.7,53.1,309,2648,2339,31.9,28.1,60,53.7,705,5145,4440,61.9,53.4,115.4,53.3,478,45.8,40.1,3807,3329,85.9,1059,911,1338,1111,53.2,330,33.1,29.1,2748,2418,3.2,2.9,52.8,9.8,7,90.1,53.4,72.2,51.7,2467,2308,1636,1633,1506,1662,1728,457,409,-48,4985.6
"15","DET",82,"20102011",257,237,20,53.5,112,71.2,9.3,90.6,51.9,99.9,51.5,52.3,87,990,903,11.9,10.8,22.7,53.8,359,2519,2160,30.2,25.9,56.1,53.5,658,5002,4344,60,52.1,112,53,445,46.4,41.1,3872,3427,87.5,1115,913,1130,917,52.3,243,33.1,30.1,2757,2514,3.1,2.8,52,9.3,6.6,90.6,55.1,71.2,51.9,2540,2350,1703,1583,1604,1794,1963,335,345,10,5004.6
"16","CHI",82,"20082009",260,209,51,53.8,101.2,75.7,9.7,91.1,48.1,100.8,54.3,50.7,24,901,877,10.8,10.5,21.4,52.4,198,2131,1933,25.6,23.2,48.8,53.8,640,4535,3895,54.5,46.8,101.2,53.8,497,42.6,36.6,3546,3049,79.2,863,705,989,846,53.4,339,32.2,28.2,2683,2344,3.1,2.5,55.4,9.7,7.3,91.1,59.2,75.7,48.1,2195,2369,1610,1597,1357,1520,1652,436,469,33,4995.6
"17","BOS",82,"20112012",260,199,61,53.4,111.8,72.4,9.8,91.8,54.5,101.6,51.3,53.6,130,972,842,11.7,10.1,21.8,53.4,318,2464,2146,29.6,25.8,55.4,53.4,630,4965,4335,59.7,52.1,111.8,52.8,382,44.1,39.5,3663,3281,83.5,1010,840,1302,1054,52.1,212,31.9,29.4,2653,2441,3.1,2.4,56.6,9.8,7.1,91.8,53.4,72.4,54.5,2633,2196,1629,1656,1544,1778,1935,382,366,-16,4988.9
"18","L.A",81,"20112012",187,169,18,53.4,109.1,69.2,7.6,92.4,51.5,100,50.1,52.9,98,905,807,11,9.8,20.7,52.8,234,2241,2007,27.1,24.3,51.5,53.4,611,4808,4197,58.2,50.8,109.1,52.5,340,43.3,39.2,3573,3233,82.4,1101,1009,1235,964,52.6,248,29.9,26.9,2472,2224,2.3,2,52.5,7.6,5.2,92.4,51.4,69.2,51.5,2366,2225,1558,1479,1554,2246,2101,370,365,-5,4953.4
"19","NYI",82,"20142015",245,224,21,53,115.9,72.6,8.8,90.3,49.2,99.2,53.4,55.8,249,1199,950,14.4,11.4,25.8,53.7,380,2727,2347,32.7,28.1,60.8,53,582,5126,4544,61.4,54.4,115.9,54.2,592,45.7,38.6,3813,3221,84.3,1043,900,1313,1323,54.4,449,33.2,27.8,2770,2321,2.9,2.7,52.2,8.8,6.4,90.3,54,72.6,49.2,2402,2478,1762,1580,1538,2685,2173,286,332,46,5007.2
"20","S.J",82,"20112012",219,205,14,52.9,116.6,72,7.9,91.3,53.3,99.1,52.6,55.5,208,1049,841,12.5,10.1,22.6,54.5,402,2433,2031,29.1,24.3,53.4,52.9,574,5162,4588,61.7,54.9,116.6,54.2,593,46.1,39,3854,3261,85.1,1081,918,1308,1327,54.2,430,33.2,28,2773,2343,2.6,2.5,51.7,7.9,5.7,91.3,53.7,72,53.3,2590,2267,1729,1568,1560,1565,1969,306,349,43,5017.9
"21","L.A",48,"20122013",131,114,17,55.6,103.4,68.6,9.2,90.5,52,99.6,54.7,53.2,64,525,461,10.8,9.5,20.3,54.4,219,1349,1130,27.7,23.2,51,55.6,567,2797,2230,57.5,45.9,103.4,54.8,368,42.9,35.4,2087,1719,78.3,656,521,710,511,54.4,233,29.4,24.6,1431,1198,2.7,2.3,53.5,9.2,6.3,90.5,51.2,68.6,52,1470,1356,1057,892,877,1446,1445,201,208,7,2917.2
"22","N.J",48,"20122013",110,122,-12,56.2,93.3,71,8.1,89,48.2,97.1,52.6,56.7,126,536,410,10.9,8.4,19.3,54.7,217,1262,1045,25.8,21.3,47.1,56.2,563,2566,2003,52.4,40.9,93.3,56.4,433,39.2,30.4,1921,1488,69.6,558,378,645,515,55.1,253,27.8,22.7,1363,1110,2.2,2.5,47.4,8.1,5.7,89,53.1,71,48.2,1339,1440,936,998,845,892,1143,218,233,15,2937.8
"23","BOS",82,"20132014",258,171,87,53.1,109.9,72.6,9.9,92.8,51.6,102.7,52.1,52.6,95,969,874,11.7,10.5,22.2,53,278,2426,2148,29.2,25.9,55.1,53.1,560,4838,4278,58.3,51.6,109.9,52.7,373,43.4,38.9,3600,3227,82.3,987,842,1238,1051,52.3,228,31.5,28.7,2613,2385,3.1,2.1,60.1,9.9,7.2,92.8,54,72.6,51.6,2577,2418,1761,1616,1618,2008,2057,350,312,-38,4978.8
"24","VAN",82,"20112012",241,191,50,53,109.8,72.3,9.3,92.4,52.2,101.8,50.8,48.7,-51,947,998,11.3,11.9,23.2,49.6,-34,2215,2249,26.5,26.9,53.3,53,557,4875,4318,58.2,51.6,109.8,52,274,42.7,39.4,3573,3299,82.1,990,773,1302,1019,50.6,57,30.9,30.2,2583,2526,2.9,2.3,55.8,9.3,6.7,92.4,53,72.3,52.2,2529,2320,1656,1588,1605,1826,1945,391,387,-4,5021.9
"25","NYR",82,"20082009",200,212,-12,53,110.6,71.7,7.5,91.3,50.8,98.8,55.4,49.7,-13,976,989,11.7,11.8,23.5,52,188,2396,2208,28.7,26.4,55.1,53,554,4895,4341,58.6,52,110.6,52.3,325,44.4,40.5,3709,3384,84.9,1050,951,1186,957,52.2,226,31.8,29.1,2659,2433,2.4,2.5,48.5,7.5,5.4,91.3,54.3,71.7,50.8,2312,2235,1662,1545,1340,2312,2173,459,475,16,5010.7
"26","WSH",81,"20092010",309,226,83,52.8,118.3,71.4,11.6,90.9,51.6,102.5,51.2,52.2,92,1080,988,13.1,12,25.1,52.6,273,2721,2448,33,29.7,62.7,52.8,548,5154,4606,62.5,55.8,118.3,51.9,268,45.3,42,3733,3465,87.3,1066,972,1421,1141,51.7,174,32.3,30.2,2667,2493,3.7,2.7,57.8,11.6,8.3,90.9,51.7,71.4,51.6,2504,2351,1604,1724,1527,1712,1760,379,373,-6,4948.6
"27","NYR",82,"20132014",214,190,24,52.9,113.6,73.2,7.9,92.1,48.8,100,52.3,53.5,130,1002,872,12.1,10.5,22.6,52.8,239,2258,2019,27.3,24.4,51.7,52.9,543,4974,4431,60.1,53.5,113.6,52.8,400,44.8,40,3712,3312,84.8,993,900,1262,1119,53,307,32.8,29.1,2719,2412,2.6,2.3,53,7.9,5.8,92.1,54.7,73.2,48.8,2397,2512,1751,1562,1596,1905,1847,329,365,36,4966.9
"28","CAR",82,"20142015",183,219,-36,52.9,110,71.1,7.3,90.2,53,97.5,53.2,50.1,2,923,921,11.1,11.1,22.1,51.7,154,2301,2147,27.6,25.8,53.4,52.9,538,4849,4311,58.2,51.7,110,52.4,328,42.6,38.7,3549,3221,81.3,1025,984,1300,1090,53,287,30.3,26.9,2524,2237,2.2,2.6,45.5,7.3,5.2,90.2,52.1,71.1,53,2602,2311,1771,1587,1555,1952,2311,239,290,51,4998.4
"29","PIT",82,"20102011",228,196,32,52.9,109.4,72.7,8.8,91.7,49.2,100.5,51.8,50.9,33,935,902,11.2,10.8,22,52.6,231,2340,2109,28,25.2,53.2,52.9,532,4841,4309,57.9,51.5,109.4,52.4,326,42.5,38.6,3553,3227,81.1,971,875,1288,1082,52.3,230,30.9,28.1,2582,2352,2.7,2.3,53.8,8.8,6.4,91.7,53.3,72.7,49.2,2329,2403,1603,1637,1492,2280,2012,484,475,-9,5016.1
"30","STL",82,"20112012",206,155,51,53,106.9,70.2,8.2,92.9,50.4,101.1,51.7,54.4,158,987,829,11.8,9.9,21.8,52,174,2242,2068,26.9,24.8,51.7,53,529,4721,4192,56.6,50.3,106.9,53.8,506,42.9,36.8,3578,3072,79.8,1066,882,1143,1120,53.4,322,30.1,26.3,2512,2190,2.5,1.9,57.1,8.2,5.8,92.9,53.2,70.2,50.4,2336,2297,1583,1572,1478,1949,1740,408,390,-18,5002.1
"31","N.J",82,"20082009",238,207,31,52.9,106.5,74.4,8.8,91.4,51.3,100.2,51.1,53.1,109,938,829,11.3,10,21.2,53.5,297,2283,1986,27.4,23.9,51.3,52.9,516,4690,4174,56.4,50.2,106.5,53.1,422,43.6,38.5,3626,3204,82.1,928,789,1064,970,52.8,283,32.4,29,2698,2415,2.9,2.5,53.5,8.8,6.6,91.4,57.5,74.4,51.3,2359,2243,1575,1517,1509,1448,1465,428,418,-10,4992.1
"32","NSH",82,"20142015",226,202,24,52.7,111,72,8.6,91.3,48.9,99.9,51.7,51.7,54,842,788,10.1,9.4,19.5,53.1,264,2258,1994,27,23.9,50.9,52.7,498,4882,4384,58.5,52.5,111,53.1,427,43.5,38.4,3632,3205,81.9,1018,887,1250,1179,53,296,31.3,27.8,2614,2318,2.7,2.4,52.8,8.6,6.2,91.3,53.5,72,48.9,2562,2677,1877,1610,1752,1691,1685,295,324,29,5010.1
"33","TOR",82,"20092010",210,263,-53,52.4,118.4,70.5,7.9,89.2,50.8,97.1,54,50.1,6,1038,1032,12.4,12.4,24.8,51.6,159,2612,2453,31.3,29.4,60.7,52.4,473,5171,4698,62,56.3,118.4,52.1,308,45.4,41.7,3788,3480,87.2,1117,1039,1383,1218,52.2,230,32,29.3,2671,2441,2.5,3.2,44.4,7.9,5.5,89.2,51.7,70.5,50.8,2381,2303,1634,1658,1392,1777,1856,411,437,26,5003.2
"34","VAN",82,"20102011",258,180,78,52.5,112.4,72,9.8,92.7,54.9,102.5,51,51.1,43,1036,993,12.5,12,24.4,50.6,56,2347,2291,28.2,27.6,55.8,52.5,466,4901,4435,59,53.4,112.4,52,282,43.9,40.5,3646,3364,84.4,1022,894,1255,1071,51.5,154,31.6,29.7,2624,2470,3.1,2.2,58.9,9.8,7.1,92.7,53.5,72,54.9,2653,2183,1672,1557,1607,1791,1860,394,380,-14,4984.9
"35","STL",82,"20132014",239,188,51,52.7,105.3,70.1,9.9,91.3,51.9,101.3,51.8,53.1,99,856,757,10.3,9.1,19.3,52.1,172,2174,2002,26.1,24,50.1,52.7,466,4621,4155,55.4,49.8,105.3,53.1,395,41.1,36.4,3429,3034,77.5,1026,871,1192,1121,52.6,240,28.8,25.9,2403,2163,2.9,2.3,56,9.9,7,91.3,52,70.1,51.9,2536,2354,1707,1592,1591,1839,1780,422,411,-11,5002
"36","CHI",82,"20112012",241,231,10,52.6,106.7,73.7,9.3,90.1,50.5,99.5,54.5,50.7,27,942,915,11.3,10.9,22.2,52.5,220,2270,2050,27.2,24.5,51.7,52.6,466,4695,4229,56.2,50.6,106.7,52.3,305,41.9,38.3,3505,3200,80.2,922,857,1190,1029,52.4,240,30.9,28,2583,2343,2.9,2.8,51.1,9.3,6.9,90.1,55,73.7,50.5,2390,2338,1671,1661,1396,1500,2193,311,359,48,5016.2
"37","BOS",81,"20092010",195,187,8,52.6,106,73.5,7.6,92.3,52.6,99.9,50.6,51.8,65,935,870,11.3,10.5,21.8,50.8,71,2160,2089,26.1,25.2,51.3,52.6,456,4622,4166,55.8,50.3,106,52,274,42,38.7,3479,3205,80.7,922,786,1143,961,51.4,138,30.9,29.2,2557,2419,2.4,2.3,51,7.6,5.6,92.3,55.3,73.5,52.6,2403,2165,1534,1534,1500,1912,1885,364,359,-5,4972.5
"38","DET",82,"20142015",231,211,20,52.7,102.2,72.5,9.5,90.9,51.5,100.4,53.9,54.7,161,935,774,11.2,9.3,20.4,53.6,299,2246,1947,26.9,23.3,50.1,52.7,455,4499,4044,53.8,48.4,102.2,51.6,213,40.1,37.5,3350,3137,77.6,921,816,1149,907,51.1,108,29,27.8,2429,2321,2.8,2.5,52.3,9.5,6.9,90.9,54,72.5,51.5,2580,2434,1850,1579,1585,1569,1930,345,353,8,5017.2
"39","CHI",82,"20102011",252,220,32,52.2,108.6,74,9.6,90.7,50.8,100.2,53.7,49.4,-20,861,881,10.3,10.6,20.9,51.6,140,2220,2080,26.6,25,51.6,52.2,403,4728,4325,56.7,51.9,108.6,52.8,384,42.8,38.2,3565,3181,80.9,928,827,1163,1144,52.8,283,31.6,28.2,2637,2354,3,2.6,53.4,9.6,7.1,90.7,55.8,74,50.8,2414,2337,1678,1629,1444,1824,2215,310,334,24,5000.2
"40","PIT",81,"20092010",247,233,14,52.1,113.4,71.8,9.3,90,49.3,99.3,52.9,51.8,72,1017,945,12.4,11.5,23.9,52.5,243,2528,2285,30.7,27.8,58.5,52.1,401,4864,4463,59.2,54.3,113.4,52.8,397,44.9,40.1,3692,3295,85,1041,974,1172,1168,53.3,330,32.2,28.2,2651,2321,3,2.8,51.5,9.3,6.7,90,54.5,71.8,49.3,2323,2388,1615,1656,1440,2122,1842,460,455,-5,4932.9
"41","BOS",82,"20142015",209,201,8,52.1,110.3,71.7,8.2,91.8,53.6,100,50.5,53.1,111,954,843,11.4,10.1,21.5,51.7,152,2341,2189,28,26.1,54.1,52.1,397,4817,4420,57.5,52.8,110.3,51.3,177,42.4,40.3,3550,3373,82.7,1004,924,1267,1047,51,97,30.4,29.2,2546,2449,2.5,2.4,51,8.2,5.9,91.8,52.9,71.7,53.6,2686,2323,1730,1583,1696,2112,2296,317,284,-33,5025.3
"42","N.J",82,"20132014",197,195,2,52.6,92.1,72.6,9,90.7,47,99.6,51.7,54.5,141,853,712,10.2,8.5,18.7,52.5,192,2053,1861,24.6,22.3,46.8,52.6,396,4045,3649,48.4,43.7,92.1,52,232,36.3,33.5,3032,2800,69.8,832,711,1013,849,51.3,111,26.3,25,2200,2089,2.4,2.3,50.3,9,6.5,90.7,54.4,72.6,47,2174,2450,1549,1627,1448,1568,1899,300,281,-19,5014.6
"43","DET",48,"20122013",122,110,12,53.9,104,70.3,8.4,91.7,50.8,100.1,55.1,52.6,55,551,496,11.3,10.2,21.5,52.6,130,1310,1180,26.8,24.2,51,53.9,395,2735,2340,56.1,48,104,53.6,280,42.2,36.5,2060,1780,78.7,612,458,675,560,52.3,126,29.7,27.1,1448,1322,2.5,2.3,52.6,8.4,5.9,91.7,52.9,70.3,50.8,1387,1343,1049,825,856,865,1051,197,220,23,2927.7
"44","DAL",82,"20142015",257,257,0,52,118.3,68.2,10.1,89.5,51.7,99.6,51.7,52.4,98,1069,971,12.9,11.7,24.6,52.7,272,2611,2339,31.5,28.2,59.7,52,395,5103,4708,61.5,56.7,118.3,52,287,45.2,41.7,3748,3461,86.9,1191,1007,1355,1247,51,103,30.8,29.6,2557,2454,3.1,3.1,50,10.1,6.9,89.5,50.1,68.2,51.7,2803,2615,1864,1811,1743,1657,1819,330,366,36,4977.6
"45","CAR",82,"20082009",236,221,15,52,116.3,71.2,8.8,90.9,51.3,99.7,53.1,52.7,102,1002,900,12.1,10.8,22.9,50.9,89,2394,2305,28.8,27.7,56.5,52,393,5028,4635,60.5,55.8,116.3,52.2,317,45.2,41.4,3758,3441,86.6,1083,1022,1270,1194,52.5,256,32.2,29.1,2675,2419,2.8,2.7,51.6,8.8,6.3,90.9,53.2,71.2,51.3,2433,2309,1674,1589,1479,1716,1955,361,437,76,4986.1
"46","STL",82,"20102011",236,228,8,52.2,107.8,70.4,9.5,90,47.3,99.5,52.2,49.5,-18,901,919,10.8,11.1,21.9,50.3,22,2192,2170,26.4,26.1,52.5,52.2,388,4675,4287,56.2,51.6,107.8,52.5,330,42.3,38.3,3518,3188,80.7,1043,913,1157,1099,52.1,200,29.8,27.4,2475,2275,2.8,2.7,50.9,9.5,6.7,90,52.9,70.4,47.3,2180,2428,1583,1578,1447,1958,1872,428,429,1,4987.8
"47","N.J",82,"20102011",171,207,-36,52.4,95.4,73.7,7.3,90.4,51.2,97.7,52.5,49.8,-7,748,755,9,9.1,18.1,51.4,103,1931,1828,23.3,22,45.3,52.4,387,4149,3762,50,45.4,95.4,52.4,292,38.3,34.8,3179,2887,73.1,835,735,970,875,52.1,192,28.3,25.9,2344,2152,2.1,2.5,45.2,7.3,5.4,90.4,56.5,73.7,51.2,2186,2085,1461,1488,1322,1539,1585,303,302,-1,4975.9
"48","BOS",48,"20122013",127,106,21,53.5,112.4,71.8,8.2,92.3,56.4,100.4,49.1,51.3,28,571,543,11.7,11.1,22.9,53.5,191,1467,1276,30.1,26.2,56.3,53.5,382,2929,2547,60.1,52.3,112.4,53.3,271,44.5,38.9,2168,1897,83.4,611,523,761,650,53.1,183,32,28.2,1557,1374,2.6,2.2,54.5,8.2,5.9,92.3,53.2,71.8,56.4,1605,1241,942,926,978,1200,1289,222,178,-44,2923.1
"49","S.J",82,"20142015",224,226,-2,51.9,118.1,70.2,8.7,90.7,51.9,99.4,49.2,53.1,126,1079,953,13,11.5,24.5,52,189,2427,2238,29.2,27,56.2,51.9,378,5091,4713,61.3,56.8,118.1,51.9,265,44.4,41.2,3686,3421,85.6,1098,985,1405,1292,51.5,152,31.2,29.3,2588,2436,2.7,2.7,49.8,8.7,6.1,90.7,50.8,70.2,51.9,2695,2498,1768,1602,1823,1930,2087,305,338,33,4980
"50","PHI",82,"20112012",260,225,35,52,112.7,72.5,9.8,90.3,48.3,100.2,52,55.2,216,1138,922,13.7,11.1,24.7,53.5,334,2529,2195,30.3,26.3,56.7,52,373,4884,4511,58.6,54.1,112.7,52.4,340,43.7,39.6,3643,3303,83.3,1002,974,1241,1208,53.1,312,31.7,27.9,2641,2329,3.1,2.7,53.6,9.8,7.1,90.3,54.1,72.5,48.3,2331,2494,1655,1640,1530,2058,2159,475,493,18,5002
"51","L.A",82,"20102011",209,196,13,52.1,107.4,68.6,8.8,91.4,51.1,100.3,50.7,51.5,51,871,820,10.5,9.9,20.3,50,4,2098,2094,25.2,25.2,50.4,52.1,367,4653,4286,55.9,51.5,107.4,51.4,190,41.4,39.1,3444,3254,80.5,1081,966,1209,1032,50.8,75,28.4,27.5,2363,2288,2.5,2.4,51.6,8.8,6.1,91.4,50.8,68.6,51.1,2407,2301,1613,1527,1568,2127,2345,361,375,14,4993.8
"52","OTT",48,"20122013",112,100,12,53.2,115.7,72.7,7,93.3,49.2,100.4,52.2,51.9,41,548,507,11.2,10.4,21.6,52.2,117,1381,1264,28.3,25.9,54.2,53.2,366,3008,2642,61.6,54.1,115.7,51.9,163,44.8,41.5,2189,2026,86.3,598,524,819,616,51.4,89,32.6,30.8,1591,1502,2.3,2,52.8,7,5.1,93.3,52.9,72.7,49.2,1420,1469,1023,930,936,1307,1330,239,229,-10,2930.6
"53","VAN",82,"20092010",268,218,50,52,108.5,71.1,10.6,91,51.4,101.6,50.1,50.8,30,982,952,11.8,11.5,23.3,50.7,66,2269,2203,27.4,26.6,54,52,352,4672,4320,56.4,52.1,108.5,51.7,236,43,40.2,3565,3329,83.2,1031,910,1107,991,51.2,115,30.6,29.2,2534,2419,3.2,2.6,55.1,10.6,7.5,91,54.2,71.1,51.4,2434,2304,1605,1534,1599,1499,1715,465,468,3,4972.8
"54","NSH",82,"20092010",217,221,-4,52,106.8,71.2,8.7,90.8,49.2,99.4,47.9,47.9,-73,847,920,10.2,11.1,21.2,50.8,68,2130,2062,25.6,24.8,50.4,52,350,4615,4265,55.5,51.3,106.8,51.9,263,42.3,39.2,3522,3259,81.5,1014,863,1093,1006,51.1,112,30.2,28.8,2508,2396,2.6,2.7,49.5,8.7,6.2,90.8,54.3,71.2,49.2,2306,2382,1499,1559,1630,1419,1419,308,347,39,4990.8
"55","PIT",82,"20142015",217,204,13,51.9,108.1,73.9,8.4,91.5,49.1,99.9,52.7,50.8,31,940,909,11.3,10.9,22.2,51.5,137,2289,2152,27.5,25.8,53.3,51.9,341,4675,4334,56.1,52,108.1,52,270,42.1,38.9,3510,3240,81,917,839,1165,1094,51.9,192,31.1,28.8,2593,2401,2.6,2.4,51.5,8.4,6.2,91.5,55.5,73.9,49.1,2396,2487,1718,1623,1542,2495,2354,421,387,-34,5001.6
"56","CHI",48,"20122013",149,97,52,53.4,102.5,74.9,10,92.3,50.8,102.3,53.7,51.2,23,485,462,9.9,9.4,19.3,53.5,168,1276,1108,26,22.6,48.6,53.4,341,2686,2345,54.7,47.8,102.5,54.1,301,40.6,34.5,1994,1693,75.1,500,435,692,652,54.3,236,30.4,25.6,1494,1258,3,2,60.6,10,7.5,92.3,55.6,74.9,50.8,1436,1392,1020,928,880,840,1365,185,192,7,2945.4
"57","WPG",82,"20142015",223,204,19,51.8,108.4,71.7,9.1,91.3,48.9,100.5,50,51.2,45,953,908,11.4,10.9,22.3,51.5,136,2345,2209,28.1,26.5,54.5,51.8,328,4688,4360,56.1,52.2,108.4,51.2,161,40.7,38.8,3401,3240,79.5,962,890,1287,1120,50.9,89,29.2,28.1,2439,2350,2.7,2.4,52.2,9.1,6.6,91.3,52,71.7,48.9,2476,2588,1720,1622,1722,2409,1931,428,381,-47,5009.7
"58","STL",82,"20142015",239,197,42,51.8,106.9,71.9,9.4,91.2,53.4,100.6,49.5,53.3,110,890,780,10.7,9.4,20,52.5,221,2292,2071,27.5,24.8,52.3,51.8,326,4621,4295,55.4,51.5,106.9,53.1,407,42.3,37.4,3529,3122,79.8,993,889,1092,1173,53.2,303,30.4,26.8,2536,2233,2.9,2.4,54.8,9.4,6.8,91.2,54.9,71.9,53.4,2736,2387,1753,1584,1785,1845,2035,368,353,-15,5002.3
"59","MTL",48,"20122013",146,124,22,53,108.9,71.7,9.9,90.4,49.8,100.4,52.4,56.1,130,602,472,12.4,9.7,22.1,52.5,125,1322,1197,27.2,24.6,51.8,53,321,2809,2488,57.8,51.2,108.9,53.4,262,42.1,36.7,2048,1786,78.8,580,492,761,702,53.1,174,30.2,26.6,1468,1294,3,2.5,54.1,9.9,7.1,90.4,52.3,71.7,49.8,1499,1514,1037,1035,941,1067,1310,243,277,34,2917.9
"60","VAN",82,"20132014",191,216,-25,51.7,111.4,71,7.6,90.7,51.4,98.3,48.9,50.6,22,918,896,11,10.7,21.7,50.5,46,2223,2177,26.6,26.1,52.7,51.7,316,4807,4491,57.6,53.8,111.4,52.1,284,42.6,39.2,3558,3274,81.9,1031,946,1249,1217,52,199,30.3,27.9,2527,2328,2.3,2.6,46.9,7.6,5.4,90.7,52.6,71,51.4,2534,2399,1645,1567,1721,1710,1925,394,361,-33,5007.9
"61","OTT",82,"20112012",243,236,7,51.6,115.2,71.4,9.4,91,50.1,100.5,52.2,47.5,-96,911,1007,10.9,12.1,23,49.4,-58,2300,2358,27.6,28.3,55.9,51.6,311,4951,4640,59.5,55.7,115.2,50.3,45,43.3,42.8,3607,3562,86.1,1033,935,1344,1078,49.5,-53,30.9,31.6,2574,2627,2.9,2.8,50.7,9.4,6.7,91,52,71.4,50.1,2453,2440,1669,1697,1527,1975,1828,425,374,-51,4995.3
"62","N.J",82,"20092010",216,186,30,51.8,97.9,75.1,8.8,91.6,49.4,100.4,54.8,52.4,80,866,786,10.4,9.5,19.9,51.9,150,2074,1924,24.9,23.1,48.1,51.8,293,4217,3924,50.7,47.2,97.9,52.5,313,39.4,35.6,3274,2961,75,815,748,943,963,52.6,246,29.6,26.6,2459,2213,2.6,2.2,53.7,8.8,6.6,91.6,58.3,75.1,49.4,2098,2146,1493,1518,1233,1600,1860,327,362,35,4990
"63","WSH",81,"20102011",216,191,25,51.5,112.9,72.3,8.5,91.9,51.6,100.4,50.2,50.4,17,980,963,11.9,11.7,23.5,51,96,2400,2304,29.1,27.9,57,51.5,283,4798,4515,58.2,54.7,112.9,51.7,231,42.5,39.7,3505,3274,82.2,972,928,1293,1241,51.9,187,30.7,28.4,2533,2346,2.6,2.3,53.1,8.5,6.2,91.9,52.8,72.3,51.6,2493,2343,1605,1640,1591,1865,1870,371,340,-31,4950.6
"64","CGY",82,"20102011",241,230,11,51.5,110.1,70.5,9.6,90.2,48.1,99.8,53.1,52.2,79,928,849,11.1,10.2,21.2,52.2,196,2292,2096,27.4,25.1,52.5,51.5,276,4742,4466,56.7,53.4,110.1,52.1,292,42.4,38.9,3549,3257,81.4,1047,919,1193,1209,51.7,164,29.9,28,2502,2338,2.9,2.7,51.2,9.6,6.8,90.2,52.8,70.5,48.1,2350,2531,1696,1689,1496,1664,1599,354,389,35,5018.7
"65","PHI",82,"20092010",232,222,10,51.4,112.5,72.1,9,90.5,50.1,99.5,50.1,55.7,220,1076,856,13,10.3,23.3,53.7,334,2428,2094,29.3,25.3,54.6,51.4,264,4789,4525,57.8,54.6,112.5,52.3,319,43.3,39.5,3590,3271,82.8,1001,923,1199,1254,52.4,241,31.3,28.3,2589,2348,2.8,2.7,51.1,9,6.5,90.5,54.1,72.1,50.1,2415,2408,1581,1669,1573,1807,1686,502,482,-20,4969.3
"66","OTT",82,"20132014",229,258,-29,51.2,117.6,71.1,8.5,90.9,51.2,99.5,50,46.1,-143,844,987,10.1,11.8,21.9,49.3,-61,2256,2317,27,27.8,54.8,51.2,245,5032,4787,60.3,57.3,117.6,49.7,-48,45.3,45.9,3784,3832,91.2,1092,982,1248,955,48.6,-158,32.2,34.1,2692,2850,2.7,3.1,47,8.5,6.1,90.9,53.5,71.1,51.2,2659,2530,1734,1718,1737,2351,2056,435,390,-45,5008.7
"67","CAR",82,"20132014",205,226,-21,51.2,116,70.8,8,91.1,52.6,99.1,52.9,49,-37,949,986,11.4,11.9,23.3,50.3,28,2371,2343,28.6,28.2,56.8,51.2,235,4929,4694,59.4,56.6,116,50.1,21,43.6,43.4,3619,3598,87,1058,1061,1310,1096,50.2,24,30.9,30.6,2561,2537,2.5,2.7,47.6,8,5.7,91.1,52,70.8,52.6,2652,2390,1820,1601,1621,1807,1965,296,335,39,4979.1
"68","T.B",82,"20142015",259,206,53,51.3,106,72.3,10.7,91,49.7,101.7,52.4,52.9,113,1033,920,12.5,11.1,23.5,52.3,207,2397,2190,28.9,26.4,55.3,51.3,224,4507,4283,54.3,51.6,106,51.3,171,40.5,38.4,3356,3185,78.9,928,898,1151,1098,51.5,141,29.3,27.6,2428,2287,3.1,2.5,55.7,10.7,7.7,91,53.9,72.3,49.7,2372,2400,1663,1599,1510,1759,1834,346,370,24,4977
"69","L.A",82,"20082009",202,226,-24,51.2,107.6,68.1,8.5,90.2,52,98.7,51.3,52.7,98,957,859,11.5,10.3,21.8,50.8,68,2274,2206,27.3,26.5,53.7,51.2,213,4590,4377,55.1,52.5,107.6,51.2,160,41.9,40,3497,3337,82,1114,1035,1093,1040,50.9,81,28.6,27.6,2383,2302,2.4,2.7,47.2,8.5,5.8,90.2,51.9,68.1,52,2370,2189,1585,1467,1507,2128,2009,478,471,-7,5002.3
"70","S.J",48,"20122013",116,112,4,51.8,116.4,70.7,7.6,91.9,53.4,99.5,50.3,55.7,122,600,478,12.2,9.7,21.9,53.7,191,1396,1205,28.4,24.5,52.9,51.8,202,2962,2760,60.3,56.2,116.4,52.4,199,43.9,39.9,2159,1960,83.8,633,570,803,800,52.3,136,31.1,28.3,1526,1390,2.4,2.3,50.9,7.6,5.4,91.9,51.5,70.7,53.4,1607,1403,1044,935,1031,1031,1185,194,216,22,2948.3
"71","S.J",81,"20092010",257,206,51,51.1,114.1,71.1,10,91.9,55.7,101.9,48.8,51.8,72,1042,970,12.7,11.8,24.4,52.3,218,2437,2219,29.6,27,56.6,51.1,202,4798,4596,58.3,55.8,114.1,50.4,63,43.8,43,3604,3541,86.8,1040,991,1194,1055,50.1,14,31.2,31,2564,2550,3.1,2.5,55.5,10,7.1,91.9,53.4,71.1,55.7,2607,2075,1526,1556,1600,1912,1961,446,422,-24,4938.4
"72","STL",48,"20122013",124,114,10,52,99.7,71.3,9.3,90.2,50.7,99.5,51.7,49.8,-4,455,459,9.3,9.4,18.8,50.8,35,1151,1116,23.7,22.9,46.6,52,198,2526,2328,51.9,47.8,99.7,53.2,224,38.5,33.9,1875,1651,72.5,539,490,651,677,53.5,175,27.5,23.9,1336,1161,2.5,2.3,52.1,9.3,6.6,90.2,52.9,71.3,50.7,1438,1397,995,909,931,1120,970,215,214,-1,2919.8
"73","OTT",82,"20142015",232,208,24,51.1,112.6,72.3,9.1,92.1,48.2,101.2,50.3,51,38,931,893,11.1,10.7,21.8,51.7,150,2298,2148,27.4,25.6,53.1,51.1,198,4813,4615,57.5,55.1,112.6,49.6,-57,41.9,42.6,3513,3570,84.6,973,935,1300,1045,49.1,-95,30.3,31.5,2540,2635,2.8,2.5,52.7,9.1,6.6,92.1,52.8,72.3,48.2,2421,2599,1716,1608,1696,2279,2121,341,366,25,5025.7
"74","ANA",82,"20142015",228,221,7,51.1,110.8,68.7,9.3,90.7,51.6,99.9,50,51.6,57,906,849,10.9,10.2,21.1,52.2,183,2207,2024,26.5,24.3,50.8,51.1,198,4719,4521,56.6,54.2,110.8,51.6,218,42.9,40.3,3578,3360,83.2,1120,993,1141,1161,50.9,91,29.5,28.4,2458,2367,2.7,2.7,50.8,9.3,6.4,90.7,52.1,68.7,51.6,2652,2483,1736,1664,1735,2301,2187,356,320,-36,5001.9
"75","T.B",82,"20102011",241,234,7,51.1,111.1,72.5,9.2,90.1,50.4,99.3,47.2,58.9,375,1241,866,14.9,10.4,25.2,54.5,438,2636,2198,31.5,26.3,57.9,51.1,197,4738,4541,56.7,54.3,111.1,52.2,303,43,39.4,3595,3292,82.4,989,938,1143,1249,52.5,252,31.2,28.2,2606,2354,2.9,2.8,50.7,9.2,6.7,90.1,55,72.5,50.4,2486,2448,1487,1785,1662,1647,1852,381,409,28,5013.2
"76","VAN",48,"20122013",122,115,7,51.9,103.1,70.6,9,91.7,47.6,100.8,50.5,49.1,-19,514,533,10.5,10.9,21.3,48.4,-83,1217,1300,24.8,26.5,51.3,51.9,191,2624,2433,53.5,49.6,103.1,50.6,48,39,38,1914,1866,77,563,477,710,567,49.3,-38,27.5,28.3,1351,1389,2.5,2.3,51.5,9,6.4,91.7,51.5,70.6,47.6,1365,1503,998,893,977,1020,1056,234,234,0,2943.7
"77","CBJ",82,"20102011",210,250,-40,51,108.2,72.4,8.4,89.8,51.2,98.2,51.6,51.3,47,921,874,11,10.5,21.5,50.9,78,2245,2167,26.9,25.9,52.8,51,189,4613,4424,55.2,53,108.2,51.1,150,41.4,39.6,3460,3310,81.1,954,863,1153,1114,50.6,59,30,29.3,2506,2447,2.5,3,45.7,8.4,6.1,89.8,54.3,72.4,51.2,2459,2345,1640,1624,1540,2316,1699,429,433,4,5011.6
"78","MIN",82,"20142015",227,198,29,51,108.6,72.5,9,91.3,49.9,100.3,51.2,55.5,194,980,786,11.8,9.5,21.3,52.2,188,2240,2052,27,24.8,51.8,51,184,4593,4409,55.4,53.2,108.6,52.3,300,41.9,38.3,3477,3177,80.3,955,911,1116,1232,52.7,256,30.4,27.3,2522,2266,2.7,2.4,53.4,9,6.5,91.3,54.9,72.5,49.9,2491,2504,1743,1592,1660,1323,1642,301,321,20,4973.4
"79","PHX",81,"20092010",205,195,10,51,107.1,71.5,8.3,91.9,50,100.1,51,52.2,81,957,876,11.5,10.6,22.1,50.9,78,2248,2170,27.1,26.2,53.3,51,175,4527,4352,54.6,52.5,107.1,50.5,63,41.7,40.9,3456,3393,82.6,985,1000,1071,959,50.8,78,29.8,28.9,2471,2393,2.5,2.4,51.2,8.3,5.9,91.9,54.6,71.5,50,2249,2249,1534,1489,1475,1784,1891,375,365,-10,4972.6
"80","DAL",82,"20132014",230,221,9,50.9,116.3,70.2,9,91.1,50.1,100,51.7,50.5,19,1032,1013,12.5,12.3,24.8,51.3,130,2522,2392,30.6,29,59.5,50.9,171,4884,4713,59.2,57.1,116.3,51,144,44.3,42.6,3658,3514,86.9,1089,1038,1226,1199,50.9,93,31.1,30,2569,2476,2.8,2.7,51,9,6.3,91.1,52.6,70.2,50.1,2544,2538,1767,1663,1652,1629,1968,357,376,19,4951.3
"81","CGY",81,"20092010",200,201,-1,50.9,108.3,70,8.6,91.4,48,100,51.1,48.4,-54,841,895,10.3,10.9,21.2,51,85,2113,2028,25.8,24.7,50.5,50.9,166,4520,4354,55.1,53.1,108.3,50.1,18,40.5,40.3,3320,3302,80.8,995,953,1200,1052,49.7,-24,28.4,28.7,2325,2349,2.4,2.5,49.9,8.6,6,91.4,51.4,70,48,2215,2398,1559,1561,1493,1692,1579,421,385,-36,4917.9
"82","COL",82,"20112012",199,218,-19,50.9,110.3,74.7,7.7,91,51.6,98.7,49.8,50,1,958,957,11.5,11.5,23,51,86,2282,2196,27.3,26.3,53.7,50.9,165,4683,4518,56.1,54.1,110.3,50.4,50,41.4,40.8,3457,3407,82.3,873,980,1226,1111,51.6,157,31,29.1,2584,2427,2.4,2.6,47.7,7.7,5.8,91,55.2,74.7,51.6,2409,2257,1539,1577,1550,1889,1631,352,298,-54,5006.5
"83","PHI",82,"20132014",233,227,6,50.8,113,71.2,9.4,90.9,50,100.3,50.8,49.6,-14,889,903,10.7,10.9,21.5,50,-4,2271,2275,27.3,27.3,54.6,50.8,154,4776,4622,57.4,55.6,113,50.5,73,42,41.1,3495,3422,83.1,1005,914,1281,1200,49.8,-18,29.9,30.1,2490,2508,2.8,2.7,50.7,9.4,6.7,90.9,52.1,71.2,50,2504,2507,1704,1658,1649,2174,2092,431,402,-29,4991.7
"84","CAR",48,"20122013",127,159,-32,51.3,120.2,70.6,8.2,89.7,50.2,97.9,52.5,48.2,-43,592,635,12.3,13.1,25.4,50.1,3,1447,1444,30,29.9,59.8,51.3,149,2977,2828,61.6,58.5,120.2,50.3,26,45.3,44.7,2187,2161,90,642,613,790,667,50,-3,32,32,1545,1548,2.6,3.3,44.4,8.2,5.8,89.7,51.9,70.6,50.2,1503,1491,1072,954,968,1100,1148,212,213,1,2898.4
"85","DET",82,"20132014",217,221,-4,50.9,102.3,72.7,8.8,90.8,50.8,99.6,52.2,49,-32,825,857,9.8,10.2,20.1,50.4,35,2075,2040,24.8,24.4,49.1,50.9,147,4360,4213,52,50.3,102.3,51.4,179,40.3,38.2,3378,3199,78.5,922,797,982,1014,50.6,54,29.3,28.7,2456,2402,2.6,2.6,49.5,8.8,6.4,90.8,56.3,72.7,50.8,2487,2413,1731,1581,1588,1621,1905,335,324,-11,5026.4
"86","WSH",82,"20142015",237,199,38,50.7,112,69.5,9.8,91.6,51.2,101.4,51.8,49.2,-28,855,883,10.3,10.6,20.8,51.2,109,2273,2164,27.3,26,53.2,50.7,135,4736,4601,56.8,55.2,112,51.1,150,41.7,39.9,3480,3330,81.7,1060,962,1256,1271,50.5,52,29,28.4,2420,2368,2.8,2.4,54.4,9.8,6.8,91.6,51.1,69.5,51.2,2522,2399,1713,1611,1597,2335,2195,361,341,-20,5001.9
"87","BOS",82,"20102011",244,189,55,50.7,117,74,9.1,93,51.9,102,48.4,49.2,-30,981,1011,11.8,12.2,24,49.6,-43,2506,2549,30.2,30.7,60.9,50.7,132,4923,4791,59.3,57.7,117,50.2,25,43.9,43.6,3644,3619,87.5,948,936,1279,1172,50.1,13,32.5,32.3,2696,2683,2.9,2.3,56.4,9.1,6.7,93,54.8,74,51.9,2485,2306,1519,1654,1618,1736,1956,388,386,-2,4980.1
"88","L.A",81,"20092010",227,208,19,50.7,103.6,70.1,9.6,90.7,50.6,100.3,51.4,51.2,43,946,903,11.4,10.9,22.4,49.9,-8,2122,2130,25.7,25.8,51.4,50.7,128,4347,4219,52.6,51,103.6,51,129,40.7,39.2,3368,3239,79.9,1006,1001,979,980,51.3,124,28.6,27.1,2362,2238,2.7,2.5,52.2,9.6,6.7,90.7,54.3,70.1,50.6,2255,2200,1522,1493,1440,2092,2079,395,407,12,4959.5
"89","FLA",82,"20142015",198,213,-15,50.7,104.9,74.1,7.9,91.2,48.6,99.1,50.2,49.7,-10,776,786,9.3,9.4,18.7,50.7,55,1941,1886,23.2,22.5,45.7,50.7,126,4455,4329,53.2,51.7,104.9,50.5,69,40.6,39.8,3397,3328,80.3,880,908,1058,1001,51,97,30.1,28.9,2517,2420,2.4,2.5,48.2,7.9,5.8,91.2,56.5,74.1,48.6,2505,2650,1757,1655,1743,2268,2268,328,323,-5,5022.8
"90","MTL",82,"20102011",213,206,7,50.6,115.6,72,8.2,91.9,49,100.1,49.8,48.3,-66,960,1026,11.6,12.4,24,49.5,-44,2375,2419,28.6,29.2,57.8,50.6,113,4849,4736,58.5,57.1,115.6,51.1,150,43.6,41.8,3614,3464,85.4,1012,926,1235,1272,50.6,64,31.4,30.6,2602,2538,2.6,2.5,50.8,8.2,5.9,91.9,53.7,72,49,2309,2403,1550,1599,1563,1658,1859,432,397,-35,4974
"91","N.J",82,"20112012",216,205,11,50.7,93.2,74.7,9.6,90.7,47.1,100.3,50.7,51.3,42,837,795,10,9.5,19.5,52.2,178,2075,1897,24.8,22.7,47.5,50.7,106,3946,3840,47.2,46,93.2,50.9,103,36.1,34.8,3015,2912,70.9,762,712,931,928,50.6,53,27,26.3,2253,2200,2.6,2.5,51.3,9.6,7.2,90.7,57.1,74.7,47.1,2095,2356,1454,1585,1412,1677,1828,341,345,4,5013.5
"92","NYR",48,"20122013",126,108,18,50.9,111.8,72.4,8.5,92,50,100.5,53.2,51.8,36,525,489,10.8,10,20.8,51.5,73,1235,1162,25.3,23.8,49.1,50.9,102,2778,2676,56.9,54.9,111.8,51.8,146,42,39,2049,1903,81,566,550,729,773,52.3,130,30.4,27.7,1483,1353,2.6,2.2,53.8,8.5,6.1,92,53.4,72.4,50,1410,1410,1027,891,902,1413,1228,183,191,8,2927.2
"93","CBJ",82,"20082009",220,223,-3,50.6,100.1,73.4,9.3,90.2,51.2,99.5,50.3,52,67,863,796,10.3,9.5,19.9,50.3,25,2002,1977,24,23.7,47.7,50.6,101,4231,4130,50.7,49.5,100.1,51,121,38.7,37.2,3229,3108,75.9,858,827,1002,1022,51,90,28.4,27.3,2371,2281,2.6,2.7,49.7,9.3,6.8,90.2,56,73.4,51.2,2397,2284,1516,1666,1499,1919,2071,468,446,-22,5009.6
"94","DAL",82,"20082009",224,251,-27,50.5,102.8,70.1,9.5,89.1,47.8,98.6,51.4,48.7,-49,883,932,10.6,11.2,21.8,48.3,-147,2081,2228,24.9,26.7,51.7,50.5,89,4332,4243,51.9,50.9,102.8,50.9,121,40.5,39.1,3382,3261,79.6,1012,957,950,982,50.7,66,28.4,27.6,2370,2304,2.7,3,47.2,9.5,6.6,89.1,54.7,70.1,47.8,2120,2313,1487,1539,1407,2076,2187,450,472,22,5004.6
"95","MIN",48,"20122013",118,125,-7,50.9,101.4,73.7,8.5,90.4,52.5,98.9,50.2,56.5,136,593,457,12.2,9.4,21.6,54.1,205,1355,1150,27.8,23.6,51.5,50.9,87,2511,2424,51.6,49.8,101.4,50.9,66,38.6,37.2,1876,1810,75.7,494,511,635,614,51.5,83,28.4,26.7,1382,1299,2.4,2.6,48.6,8.5,6.3,90.4,55,73.7,52.5,1487,1348,961,920,954,956,993,192,208,16,2919.8
"96","NYI",48,"20122013",135,136,-1,50.7,111.8,73.8,9.1,89.9,49.7,99,51.3,53.8,87,620,533,12.7,10.9,23.6,51.8,98,1446,1348,29.6,27.6,57.3,50.7,72,2763,2691,56.6,55.2,111.8,51.1,86,41.2,39.5,2011,1925,80.7,526,573,752,766,52.3,133,30.4,27.7,1485,1352,2.8,2.8,49.8,9.1,6.7,89.9,53.7,73.8,49.7,1369,1385,932,937,885,1018,1098,191,199,8,2927.3
"97","OTT",81,"20092010",216,231,-15,50.4,107,72.7,9,90,49.4,99,52.4,51.3,47,912,865,11.1,10.5,21.6,50.8,72,2224,2152,27.1,26.2,53.3,50.4,71,4430,4359,54,53.1,107,51,130,40.2,38.6,3303,3173,78.9,903,869,1127,1186,51,96,29.2,28.1,2400,2304,2.6,2.8,48.3,9,6.5,90,54.2,72.7,49.4,2266,2318,1589,1551,1444,1922,1942,435,405,-30,4926.5
"98","PHX",82,"20132014",210,224,-14,50.4,111.7,71.5,8.4,91.2,52,99.6,51.2,47.5,-94,903,997,10.8,11.9,22.7,48.4,-146,2150,2296,25.7,27.5,53.2,50.4,69,4705,4636,56.3,55.5,111.7,49.9,-9,41.8,41.9,3497,3506,83.8,998,965,1208,1130,49.6,-42,29.9,30.4,2499,2541,2.5,2.7,48.4,8.4,6,91.2,53.1,71.5,52,2563,2369,1687,1636,1609,2173,1966,344,352,8,5016.4
"99","FLA",82,"20132014",188,262,-74,50.4,106.5,72,7.7,89.7,48.3,97.4,49.5,47.4,-92,827,919,9.9,11,21,49.6,-35,2079,2114,25,25.4,50.3,50.4,65,4467,4402,53.6,52.9,106.5,49.9,-16,40.9,41.1,3404,3420,81.9,953,869,1063,982,49,-100,29.4,30.6,2451,2551,2.3,3.1,41.8,7.7,5.5,89.7,54.9,72,48.3,2380,2551,1640,1615,1676,1860,2067,331,345,14,4996.9
"100","TOR",81,"20082009",242,283,-41,50.3,117,70.7,9.4,88.5,50.1,97.9,53.2,48.6,-57,981,1038,11.9,12.6,24.5,49.8,-15,2436,2451,29.6,29.7,59.3,50.3,58,4850,4792,58.8,58.1,117,50.6,86,44.1,43.1,3639,3553,87.2,1066,1094,1211,1239,51.1,114,31.2,29.8,2573,2459,2.9,3.4,46.1,9.4,6.7,88.5,53.1,70.7,50.1,2358,2347,1591,1715,1399,1736,1923,424,445,21,4945.9
"101","CBJ",82,"20132014",224,213,11,50.3,106.5,72.9,9.3,91.5,51.6,100.7,48.5,51.8,59,866,807,10.5,9.8,20.3,51.1,87,2092,2005,25.4,24.4,49.8,50.3,58,4412,4354,53.6,52.9,106.5,50.1,19,40.3,40,3314,3295,80.3,899,801,1098,1059,49.2,-79,29.4,30.3,2415,2494,2.7,2.6,51.3,9.3,6.8,91.5,54.7,72.9,51.6,2466,2313,1571,1540,1668,2595,1929,363,361,-2,4936.8
"102","ANA",82,"20082009",238,235,3,50.3,103.6,71.6,9.6,90.6,49.8,100.2,50.6,51.2,43,956,913,11.5,11,22.5,51.3,115,2191,2076,26.4,25,51.3,50.3,57,4336,4279,52.2,51.5,103.6,49.9,-13,41.7,41.8,3465,3478,83.5,984,978,871,801,49.8,-19,29.8,30.1,2481,2500,2.9,2.8,50.3,9.6,6.9,90.6,57.2,71.6,49.8,2299,2317,1501,1650,1465,1758,1678,539,464,-75,4987.6
"103","NYR",82,"20142015",248,187,61,50.3,110.6,74.2,9.6,92.3,46.7,101.9,50,51.1,38,918,880,11.1,10.6,21.6,50.8,66,2092,2026,25.2,24.4,49.6,50.3,52,4620,4568,55.6,55,110.6,50.5,69,41.9,41,3478,3409,82.9,896,992,1142,1159,51.7,165,31.1,29.1,2582,2417,3,2.3,57,9.6,7.1,92.3,55.9,74.2,46.7,2298,2619,1652,1615,1650,1914,1961,296,288,-8,4983.1
"104","WPG",82,"20132014",219,231,-12,50.3,113.4,71,8.7,90.7,46.9,99.4,50.6,49.7,-10,954,964,11.4,11.5,23,49.8,-21,2258,2279,27,27.3,54.3,50.3,48,4762,4714,57,56.4,113.4,50.6,85,42.4,41.4,3543,3458,83.8,1027,985,1219,1256,50.4,43,30.1,29.6,2516,2473,2.6,2.8,48.7,8.7,6.2,90.7,52.8,71,46.9,2289,2593,1632,1659,1591,2313,1880,392,358,-34,5013.1
"105","BOS",81,"20082009",267,188,79,50.3,106.9,73.2,10.9,92.5,51,103.3,49.3,50.4,15,948,933,11.5,11.4,22.9,48.9,-103,2192,2295,26.7,27.9,54.6,50.3,44,4409,4365,53.7,53.2,106.9,50.3,46,40.9,40.4,3361,3315,81.3,901,820,1048,1050,49.6,-35,30,30.4,2460,2495,3.3,2.3,58.7,10.9,7.9,92.5,55.8,73.2,51,2360,2266,1495,1593,1538,1792,1875,407,413,6,4926.9
"106","ANA",82,"20132014",263,203,60,50.2,112.8,71.6,10.2,91.4,49.2,101.6,50.8,52.4,94,1011,917,12.2,11,23.2,50.9,84,2270,2186,27.3,26.3,53.6,50.2,29,4707,4678,56.6,56.2,112.8,51.1,152,43.1,41.3,3588,3436,84.4,1019,1082,1119,1242,52.2,215,30.9,28.3,2569,2354,3.2,2.4,56.4,10.2,7.3,91.4,54.6,71.6,49.2,2591,2676,1819,1685,1763,2024,2037,360,372,12,4990.9
"107","PHX",48,"20122013",121,125,-4,50.2,112.7,71.1,8.2,91.5,52,99.6,51.3,47,-74,575,649,11.7,13.2,24.9,49.2,-43,1339,1382,27.3,28.2,55.4,50.2,27,2780,2753,56.6,56.1,112.7,50.3,21,42.5,42,2085,2064,84.5,602,596,695,689,50.3,15,30.2,29.9,1483,1468,2.5,2.5,49.2,8.2,5.8,91.5,53.3,71.1,52,1482,1367,1005,890,954,1260,1128,211,210,-1,2945.2
"108","WPG",48,"20122013",126,141,-15,50.2,112.3,69.6,9.1,90.1,48.9,99.2,49.7,49.8,-5,551,556,11.3,11.4,22.8,50,-2,1364,1366,28.1,28.1,56.1,50.2,21,2741,2720,56.4,55.9,112.3,49.9,-9,41.1,41.3,1998,2007,82.4,608,583,743,713,49.4,-34,28.6,29.3,1390,1424,2.6,2.9,47.2,9.1,6.3,90.1,50.7,69.6,48.9,1344,1402,899,937,910,1411,1208,195,198,3,2917.4
"109","BUF",81,"20092010",229,197,32,50.1,109.4,74.1,9,92.2,48.5,101.2,51.7,51,42,1105,1063,13.4,12.9,26.4,50.7,68,2412,2344,29.3,28.5,57.9,50.1,20,4508,4488,54.8,54.6,109.4,49.6,-58,41.9,42.6,3443,3501,84.5,891,965,1065,987,50.2,16,31,30.9,2552,2536,2.8,2.4,53.8,9,6.7,92.2,56.6,74.1,48.5,2232,2369,1578,1548,1475,1361,1667,373,398,25,4931.8
"110","STL",82,"20092010",218,218,0,50.1,108.5,71.2,8.9,91.2,48.8,100.1,48.8,50.2,6,906,900,10.9,10.8,21.7,49.2,-68,2170,2238,26,26.8,52.9,50.1,14,4531,4517,54.3,54.2,108.5,49.8,-28,41.2,41.5,3434,3462,82.7,989,988,1097,1055,49.7,-29,29.3,29.7,2445,2474,2.6,2.6,50,8.9,6.3,91.2,54,71.2,48.8,2352,2464,1601,1535,1680,1760,1724,486,455,-31,5002.1
"111","FLA",82,"20112012",197,216,-19,50.1,106,72.6,8.1,91.4,50.6,99.5,50.7,47.8,-73,796,869,9.5,10.4,19.9,49.2,-67,1978,2045,23.6,24.4,48,50.1,10,4443,4433,53,52.9,106,49.7,-41,40,40.5,3350,3391,80.5,917,886,1093,1042,49.3,-72,29,29.9,2433,2505,2.4,2.6,47.7,8.1,5.9,91.4,54.8,72.6,50.6,2318,2265,1503,1616,1464,1858,2349,312,354,42,5025.8
"112","NYI",82,"20132014",216,261,-45,50,113.1,73.2,8.5,89.4,47.2,97.9,50.9,50.7,30,1057,1027,12.6,12.3,24.9,49.9,-14,2427,2441,29,29.2,58.2,50,3,4730,4727,56.6,56.5,113.1,49.9,-17,41.5,41.7,3468,3485,83.2,931,1020,1262,1242,50.7,72,30.3,29.5,2537,2465,2.6,3.1,45.3,8.5,6.2,89.4,53.6,73.2,47.2,2310,2586,1686,1585,1625,2092,1738,378,379,1,5016
"113","BUF",82,"20102011",240,228,12,50,112.6,75.4,8.9,90.9,47.7,99.9,52,52.4,107,1148,1041,13.8,12.5,26.3,50,-2,2471,2473,29.7,29.7,59.3,50,-1,4689,4690,56.3,56.3,112.6,50.3,45,42.8,42.3,3567,3522,85.1,877,1008,1122,1168,51.7,176,32.3,30.2,2690,2514,2.9,2.7,51.3,8.9,6.7,90.9,57.4,75.4,47.7,2252,2472,1635,1577,1512,1505,1741,402,371,-31,4999.1
"114","VAN",81,"20082009",242,208,34,49.9,104.2,71,10.5,91.2,51.7,101.7,48.8,51.6,60,979,919,11.9,11.2,23.1,49.4,-47,2101,2148,25.6,26.1,51.7,49.9,-14,4276,4290,52,52.2,104.2,49.5,-68,39.4,40.2,3236,3304,79.6,937,944,1040,986,49.3,-61,28,28.7,2299,2360,2.9,2.5,53.8,10.5,7.5,91.2,53.8,71,51.7,2412,2255,1528,1534,1605,1294,1549,510,505,-5,4930.2
"115","OTT",82,"20082009",213,231,-18,49.8,104.3,73.8,8.9,90.1,51.8,99,50.4,48.4,-53,813,866,9.8,10.4,20.2,49.5,-42,2131,2173,25.6,26.1,51.7,49.8,-35,4324,4359,52,52.4,104.3,50.4,47,39.2,38.6,3259,3212,77.8,853,875,1065,1147,50.7,69,28.9,28.1,2406,2337,2.6,2.8,48,8.9,6.5,90.1,55.6,73.8,51.8,2357,2192,1480,1611,1458,1923,1844,450,438,-12,4993.5
"116","PHI",82,"20102011",256,216,40,49.8,115.1,73.3,9.8,91.3,50.3,101.1,48.7,51.9,73,994,921,12,11.1,23,50.4,40,2282,2242,27.4,27,54.4,49.8,-39,4764,4803,57.3,57.8,115.1,50.5,70,42.8,41.9,3556,3486,84.7,951,1015,1208,1317,51.3,134,31.3,29.7,2605,2471,3.1,2.6,54.2,9.8,7.2,91.3,54.7,73.3,50.3,2484,2454,1570,1715,1653,1905,1777,418,404,-14,4988.3
"117","T.B",82,"20132014",232,209,23,49.7,107.8,71.1,9.5,91.3,49.2,100.8,50.9,51.8,69,1020,951,12.2,11.4,23.6,50.4,40,2411,2371,28.9,28.4,57.2,49.7,-49,4478,4527,53.6,54.2,107.8,50.3,37,41.2,40.8,3443,3406,82,996,1007,1035,1121,50.5,48,29.3,28.7,2447,2399,2.8,2.5,52.6,9.5,6.7,91.3,54.6,71.1,49.2,2394,2468,1666,1592,1604,1642,1705,344,348,4,5013.1
"118","WPG",82,"20112012",221,242,-21,49.7,112.2,69.8,8.9,90.2,49,99.1,49.7,49.9,-2,959,961,11.5,11.6,23.1,49.3,-70,2321,2391,27.9,28.8,56.7,49.7,-51,4638,4689,55.8,56.4,112.2,50.3,46,42.6,42,3538,3492,84.6,1067,1022,1100,1197,50,1,29.7,29.7,2471,2470,2.7,2.9,47.7,8.9,6.2,90.2,53.3,69.8,49,2335,2427,1569,1605,1588,1966,1841,371,328,-43,4985.5
"119","PIT",48,"20122013",162,119,43,49.5,110.1,72.4,11.3,91.5,51.5,102.8,49.2,50.2,4,542,538,11.2,11.1,22.4,52.4,126,1395,1269,28.9,26.3,55.1,49.5,-51,2635,2686,54.5,55.6,110.1,50.4,34,41.1,40.4,1985,1951,81.5,547,548,650,735,50.6,35,29.8,29,1438,1403,3.4,2.5,57.7,11.3,8.2,91.5,54.6,72.4,51.5,1489,1404,941,980,972,1229,1102,226,230,4,2898.4
"120","PHI",82,"20142015",212,223,-11,49.7,111.4,72,8.8,91,51.1,99.8,51.2,48.8,-44,917,961,11,11.5,22.4,50.4,40,2255,2215,26.9,26.5,53.4,49.7,-65,4627,4692,55.3,56.1,111.4,49.3,-91,40.1,41.2,3353,3444,81.2,940,963,1274,1248,49.3,-68,28.8,29.6,2413,2481,2.5,2.7,48.7,8.8,6.3,91,52.2,72,51.1,2571,2456,1765,1581,1681,2511,2428,336,318,-18,5020.9
"121","CBJ",82,"20112012",198,257,-59,49.6,105.3,74.5,8.1,89.9,50.9,97.9,48.4,51,34,863,829,10.4,10,20.4,50.2,15,2077,2062,25.1,24.9,49.9,49.6,-75,4327,4402,52.2,53.1,105.3,49.6,-52,39.8,40.4,3296,3348,80.1,842,811,1031,1054,49.2,-83,29.6,30.6,2454,2537,2.4,3.1,43.5,8.1,6,89.9,56.7,74.5,50.9,2439,2354,1543,1608,1642,2018,1606,382,429,47,4973.8
"122","NSH",82,"20082009",207,228,-21,49.5,103.6,72.2,8.7,90.5,52.2,99.3,47.8,46.5,-121,813,934,9.8,11.2,21,48,-169,1997,2166,24,26,50,49.5,-79,4274,4353,51.3,52.3,103.6,49.8,-28,39.5,39.8,3289,3317,79.3,914,906,985,1036,49.6,-36,28.5,29,2375,2411,2.5,2.7,47.6,8.7,6.3,90.5,55.6,72.2,52.2,2556,2340,1564,1622,1710,1671,1467,417,398,-19,4996.1
"123","NYR",82,"20092010",219,214,5,49.5,110.2,71.3,9,91.3,49.2,100.3,50,49.8,-9,965,974,11.6,11.7,23.4,51.2,108,2295,2187,27.7,26.4,54,49.5,-94,4525,4619,54.5,55.7,110.2,49.7,-42,41,41.5,3401,3443,82.5,976,993,1124,1176,49.7,-25,29.2,29.5,2425,2450,2.6,2.6,50.6,9,6.4,91.3,53.6,71.3,49.2,2235,2310,1501,1544,1500,2330,2325,442,413,-29,4977.1
"124","PHX",82,"20112012",210,194,16,49.4,111.7,70.6,8.6,92.5,50.2,101.2,49.4,47.8,-92,992,1084,11.9,13,24.9,49.5,-51,2351,2402,28.1,28.8,56.9,49.4,-112,4609,4721,55.2,56.5,111.7,48.5,-208,41.2,43.7,3442,3650,84.9,1013,1057,1167,1071,48.4,-164,29.1,31,2429,2593,2.5,2.3,52,8.6,6.1,92.5,52.7,70.6,50.2,2321,2307,1513,1567,1548,2084,2020,322,323,1,5011.9
"125","FLA",82,"20102011",191,222,-31,49.3,112,72.4,7.7,91.5,51.9,99.2,48.3,49.8,-7,1005,1012,12.1,12.1,24.2,50.3,31,2378,2347,28.5,28.1,56.7,49.3,-125,4609,4734,55.3,56.8,112,48.8,-168,41.3,43.3,3441,3609,84.5,948,999,1168,1125,48.9,-117,29.9,31.3,2493,2610,2.3,2.7,46.2,7.7,5.6,91.5,54.1,72.4,51.9,2409,2230,1497,1539,1603,1895,2245,310,313,3,5004.1
"126","PIT",82,"20132014",242,204,38,49.3,107.5,73.9,9.9,91.4,51,101.2,50.3,48.6,-47,823,870,9.9,10.5,20.4,50.9,78,2186,2108,26.3,25.4,51.7,49.3,-127,4402,4529,53,54.5,107.5,49.8,-23,39.9,40.2,3319,3342,80.1,865,983,1083,1187,51,95,29.5,28.4,2454,2359,2.9,2.5,54.3,9.9,7.3,91.4,55.7,73.9,51,2445,2351,1582,1649,1565,2162,2108,341,371,30,4986.9
"127","NYR",82,"20102011",224,195,29,49.3,109.1,72.3,9.1,91.9,47.7,101,51.3,55.1,200,1078,878,13,10.6,23.5,53.3,296,2383,2087,28.6,25.1,53.7,49.3,-134,4472,4606,53.8,55.4,109.1,50.7,88,40.8,39.7,3393,3305,80.5,940,895,1079,1301,50.4,43,29.5,29,2453,2410,2.7,2.3,53.5,9.1,6.6,91.9,54.9,72.3,47.7,2195,2404,1551,1575,1473,2333,2218,384,422,38,4991.8
"128","CAR",81,"20102011",231,231,0,49.3,120.2,70.7,9.3,91.4,44.7,100.7,50.3,48.8,-50,1051,1101,12.8,13.4,26.2,48.6,-134,2397,2531,29.1,30.8,59.9,49.3,-136,4875,5011,59.3,60.9,120.2,47.9,-310,42.8,46.5,3518,3828,89.3,1030,1136,1357,1183,48,-204,30.2,32.7,2488,2692,2.8,2.8,50,9.3,6.6,91.4,51,70.7,44.7,2163,2680,1619,1625,1599,2105,1676,341,431,90,4936.7
"129","FLA",48,"20122013",109,170,-61,48.6,106.3,73.5,7.8,88.7,49.4,96.5,54.2,45,-108,485,593,10,12.2,22.2,46.8,-158,1161,1319,23.9,27.2,51.1,48.6,-140,2512,2652,51.7,54.6,106.3,48.2,-141,39.2,42.1,1906,2047,81.4,505,543,606,605,48.2,-103,28.8,31,1401,1504,2.2,3.5,39.1,7.8,5.7,88.7,55.8,73.5,49.4,1342,1377,959,949,811,1110,1344,200,193,-7,2914.8
"130","CBJ",48,"20122013",115,115,0,48.6,101.2,73.9,9,92,52,101,49.4,48.9,-21,460,481,9.4,9.8,19.1,48.4,-75,1115,1190,22.7,24.2,46.9,48.6,-143,2416,2559,49.1,52,101.2,47.3,-196,35.3,39.3,1736,1932,74.6,453,496,680,627,47.2,-153,26.1,29.2,1283,1436,2.3,2.3,50,9,6.6,92,53.1,73.9,52,1457,1345,924,931,947,1188,1016,218,226,8,2949.9
"131","NSH",82,"20102011",213,190,23,49.1,104.7,73.8,9,92.4,50.2,101.4,47.3,46.9,-109,817,926,9.8,11.1,20.9,48.4,-140,2090,2230,25.1,26.8,51.9,49.1,-154,4280,4434,51.4,53.3,104.7,48.3,-225,38.5,41.2,3202,3427,79.6,840,917,1078,1007,48.5,-148,28.4,30.2,2362,2510,2.6,2.3,52.9,9,6.7,92.4,55.2,73.8,50.2,2352,2333,1512,1486,1687,1684,1656,323,316,-7,4994.2
"132","ANA",81,"20112012",200,223,-23,49.1,108.2,69.4,8.8,90.4,47.4,99.2,49.8,49,-37,934,971,11.4,11.8,23.2,50.2,18,2187,2169,26.7,26.4,53.1,49.1,-155,4360,4515,53.2,55,108.2,49.3,-88,39.8,40.9,3267,3355,80.7,999,1025,1093,1160,49.3,-62,27.6,28.4,2268,2330,2.4,2.7,47.3,8.8,6.1,90.4,52,69.4,47.4,2124,2360,1432,1608,1444,1827,1823,366,348,-18,4921.9
"133","PHI",48,"20122013",132,139,-7,48.5,110.9,72.8,9.5,89.9,48.5,99.3,46.1,49.1,-18,496,514,10.3,10.6,20.9,47.8,-111,1231,1342,25.5,27.8,53.2,48.5,-160,2600,2760,53.8,57.1,110.9,49.2,-60,39.6,40.9,1916,1976,80.5,521,605,684,784,50.4,24,28.9,28.4,1395,1371,2.7,2.9,48.7,9.5,6.9,89.9,53.7,72.8,48.5,1408,1493,881,991,1029,1316,1124,272,259,-13,2900.9
"134","VAN",82,"20142015",236,220,16,49.1,108.7,73.2,9.6,91,46.7,100.6,48.5,49.9,-3,976,979,11.8,11.8,23.6,47.7,-208,2137,2345,25.8,28.3,54,49.1,-162,4429,4591,53.4,55.3,108.7,49.8,-21,40.4,40.7,3354,3375,81.1,900,929,1075,1216,50.1,8,29.6,29.5,2454,2446,2.8,2.7,51.8,9.6,7,91,55.4,73.2,46.7,2330,2662,1647,1599,1746,1582,1888,363,326,-37,4978.7
"135","PHX",82,"20102011",226,220,6,49.1,113.9,70.7,9.1,91.8,51.5,100.9,47.3,47.7,-92,946,1038,11.4,12.5,23.8,49.5,-51,2367,2418,28.4,29,57.5,49.1,-169,4658,4827,55.9,58,113.9,48.3,-253,42.3,45.3,3518,3771,87.5,1032,1098,1140,1056,48.2,-187,29.9,32.1,2486,2673,2.7,2.6,50.7,9.1,6.4,91.8,53.4,70.7,51.5,2551,2406,1593,1590,1774,1881,1844,369,350,-19,4995.5
"136","BUF",82,"20112012",211,223,-12,49.1,108.5,72.9,8.8,91.3,49.5,100.1,50.8,48.3,-67,924,991,11.1,11.9,22.9,48.6,-121,2173,2294,26,27.5,53.5,49.1,-170,4447,4617,53.3,55.3,108.5,48.2,-252,39.4,42.4,3290,3542,81.8,893,971,1157,1075,48.2,-174,28.7,30.8,2397,2571,2.5,2.7,48.6,8.8,6.4,91.3,53.9,72.9,49.5,2345,2390,1588,1610,1537,1512,1776,360,369,9,5010.6
"137","DAL",82,"20092010",230,244,-14,49.1,112,71.7,9.1,90.5,48.1,99.6,52.2,51.1,43,1014,971,12.1,11.6,23.7,50.2,22,2373,2351,28.4,28.1,56.5,49.1,-173,4598,4771,55,57,112,49.3,-102,42.1,43.3,3519,3621,85.4,995,1061,1079,1150,49.6,-36,30.2,30.6,2524,2560,2.8,2.9,48.5,9.1,6.5,90.5,54.9,71.7,48.1,2210,2382,1590,1545,1457,2338,2267,376,426,50,5018
"138","BUF",82,"20082009",242,229,13,49,108.5,74.2,9.7,91.1,47.4,100.8,49.5,50.4,14,982,968,11.8,11.6,23.4,49.6,-36,2174,2210,26.1,26.5,52.6,49,-187,4424,4611,53.1,55.4,108.5,48.9,-148,40.6,42.4,3380,3528,82.9,873,953,1044,1083,49.3,-68,30.1,30.9,2507,2575,2.9,2.7,51.4,9.7,7.2,91.1,56.7,74.2,47.4,2239,2484,1533,1627,1563,1458,1615,449,470,21,4998.2
"139","EDM",82,"20142015",193,276,-83,48.9,110.1,71.3,8.3,88.8,48.2,97.1,50.8,45.3,-179,865,1044,10.4,12.5,22.9,47.3,-248,2149,2397,25.8,28.7,54.5,48.9,-199,4492,4691,53.9,56.2,110.1,48.4,-219,39.2,41.8,3268,3487,81,937,1023,1224,1204,48.6,-133,28,29.5,2331,2464,2.3,3.3,41.2,8.3,5.9,88.8,51.9,71.3,48.2,2390,2565,1679,1652,1624,1980,2042,279,294,15,5003.9
"140","ATL",81,"20102011",213,258,-45,48.9,113.4,73.1,8.4,90.1,48.7,98.5,51.5,46.9,-123,932,1055,11.3,12.8,24.1,47.1,-271,2188,2459,26.5,29.8,56.3,48.9,-201,4580,4781,55.5,57.9,113.4,49.8,-33,42.2,42.6,3481,3514,84.7,935,905,1099,1267,49.4,-63,30.8,31.6,2546,2609,2.6,3.1,45.2,8.4,6.1,90.1,55.6,73.1,48.7,2279,2400,1588,1598,1493,1497,1661,355,359,4,4952.8
"141","TOR",82,"20112012",227,259,-32,48.9,113.5,70.1,9.8,89.8,51.7,99.5,50.1,47.5,-102,988,1090,11.9,13.1,25,49.6,-40,2511,2551,30.2,30.7,60.9,48.9,-205,4616,4821,55.5,58,113.5,47.9,-285,39.9,43.3,3313,3598,83.2,991,1070,1303,1223,47.9,-206,27.9,30.4,2322,2528,2.7,3.1,46.7,9.8,6.9,89.8,50.3,70.1,51.7,2422,2267,1539,1615,1535,2218,2183,328,347,19,4986.7
"142","CAR",81,"20092010",224,249,-25,48.9,113.8,70.4,9.4,90.2,48.1,99.6,50,47.4,-113,1019,1132,12.4,13.8,26.2,47.7,-230,2353,2583,28.7,31.5,60.1,48.9,-205,4570,4775,55.7,58.2,113.8,48.2,-245,41,44,3369,3614,85,996,1078,1201,1161,48.3,-163,28.9,30.9,2373,2536,2.7,3,47.4,9.4,6.6,90.2,51.9,70.4,48.1,2294,2478,1561,1650,1561,2091,1793,393,398,5,4926.7
"143","DAL",48,"20122013",128,141,-13,48,110.8,68.5,10.2,90.5,47.2,100.7,46.8,47.4,-63,578,641,11.9,13.2,25.2,48.1,-105,1309,1414,27,29.2,56.2,48,-213,2577,2790,53.2,57.6,110.8,46.5,-279,38,43.7,1840,2119,81.7,579,630,737,671,45.9,-228,26,30.7,1261,1489,2.6,2.9,47.6,10.2,7,90.5,48.9,68.5,47.2,1356,1519,913,924,1038,1199,1200,242,235,-7,2906.1
"144","WSH",48,"20122013",146,130,16,48,112.1,70.9,10.8,91.6,50.8,102.4,47.8,48.1,-39,486,525,10,10.8,20.8,49.3,-36,1253,1289,25.8,26.6,52.4,48,-215,2610,2825,53.8,58.3,112.1,48,-157,39.2,42.5,1903,2060,81.7,553,509,707,765,46.5,-201,27.8,32,1350,1551,3,2.7,52.9,10.8,7.7,91.6,51.7,70.9,50.8,1484,1439,946,942,1035,1091,1234,211,211,0,2909.5
"145","ANA",48,"20122013",134,115,19,47.9,107.6,72,9.9,91.4,47.5,101.4,48.6,50.2,5,561,556,11.5,11.4,22.8,49.8,-8,1272,1280,26,26.2,52.1,47.9,-220,2523,2743,51.6,56.1,107.6,48.7,-96,38.2,40.2,1871,1967,78.4,524,627,652,776,50.1,7,27.5,27.4,1347,1340,2.7,2.3,53.8,9.9,7.2,91.4,53.4,72,47.5,1382,1525,942,968,997,1149,1102,200,176,-24,2936.3
"146","MIN",82,"20092010",214,239,-25,48.7,103.7,71,9.4,90.1,52.2,99.5,46.7,52.8,104,965,861,11.6,10.3,21.9,49.2,-73,2132,2205,25.6,26.5,52.1,48.7,-224,4205,4429,50.5,53.2,103.7,48.9,-140,38.4,40,3193,3333,78.4,927,918,1012,1096,48.4,-149,27.2,29,2266,2415,2.6,2.9,47.2,9.4,6.7,90.1,53.9,71,52.2,2455,2247,1479,1532,1691,1746,1536,388,387,-1,4994.5
"147","CAR",82,"20112012",212,237,-25,48.8,116.9,71.1,8.5,91.1,50.7,99.6,49.7,49.3,-27,1004,1031,12.1,12.4,24.5,48.4,-149,2298,2447,27.6,29.4,57.1,48.8,-229,4746,4975,57.1,59.8,116.9,48.5,-222,42.3,44.9,3514,3736,87.2,1016,1083,1232,1239,48.5,-155,30,31.9,2498,2653,2.5,2.9,47.2,8.5,6,91.1,52.6,71.1,50.7,2464,2393,1614,1610,1633,1699,1694,329,378,49,4988.7
"148","TOR",82,"20102011",213,245,-32,48.8,116.2,70.1,9,90.4,50.5,99.4,50,47.7,-87,911,998,10.9,12,22.9,48.8,-118,2410,2528,29,30.4,59.3,48.8,-233,4720,4953,56.7,59.5,116.2,48.1,-263,40.4,43.6,3367,3630,84.1,1007,1090,1353,1323,48.2,-180,28.4,30.5,2360,2540,2.6,2.9,46.5,9,6.3,90.4,50,70.1,50.5,2371,2328,1573,1556,1570,2049,1896,379,428,49,4994.7
"149","MIN",82,"20132014",199,198,1,48.6,100.3,71.7,9.1,91.3,50.9,100.4,49.1,50.5,16,810,794,9.7,9.5,19.2,50.3,22,2005,1983,24,23.7,47.7,48.6,-236,4078,4314,48.7,51.6,100.3,48.8,-147,36.3,38.1,3041,3188,74.4,860,915,1037,1126,49,-92,26.1,27.2,2181,2273,2.4,2.4,50.1,9.1,6.5,91.3,53.5,71.7,50.9,2393,2310,1554,1541,1608,1411,1669,325,328,3,5020.1
"150","CGY",48,"20122013",128,157,-29,47.7,105.8,71.4,9.9,88.9,46.6,98.8,45.5,50,0,530,530,11,11,21.9,48.5,-74,1234,1308,25.5,27.1,52.6,47.7,-238,2440,2678,50.5,55.4,105.8,47.8,-168,37.5,40.9,1811,1979,78.4,518,566,629,699,47.8,-120,26.7,29.2,1293,1413,2.6,3.2,44.9,9.9,7.1,88.9,53,71.4,46.6,1403,1605,933,959,1116,935,892,196,196,0,2901.2
"151","OTT",82,"20102011",190,245,-55,48.6,108.7,72.7,8,90.4,50.8,98.4,50.7,45.1,-180,821,1001,9.9,12.1,22,47.6,-207,2091,2298,25.2,27.7,53,48.6,-246,4380,4626,52.9,55.8,108.7,48.2,-238,39.5,42.4,3273,3511,81.9,892,952,1107,1115,48.2,-178,28.7,30.9,2381,2559,2.3,3,43.7,8,5.8,90.4,54.4,72.7,50.8,2293,2217,1493,1567,1450,1658,1794,420,375,-45,4972
"152","DAL",82,"20102011",222,226,-4,48.6,109.5,68.1,9.8,91,50,100.8,49.4,49.5,-18,938,956,11.3,11.5,22.7,50,-3,2276,2279,27.3,27.3,54.6,48.6,-252,4440,4692,53.3,56.3,109.5,48.9,-155,40,41.8,3333,3488,81.8,1064,984,1107,1204,47.5,-235,27.2,30,2269,2504,2.7,2.7,49.6,9.8,6.7,91,51.1,68.1,50,2386,2390,1602,1536,1638,2212,2266,395,431,36,5002.2
"153","MTL",82,"20082009",242,240,2,48.7,114.8,72.5,9.8,90.8,50.9,100.6,48.3,49.4,-24,1001,1025,12,12.3,24.3,49.6,-41,2425,2466,29.1,29.6,58.6,48.7,-257,4660,4917,55.8,58.9,114.8,48.5,-205,40.7,43.2,3396,3601,83.9,935,1000,1264,1316,48.6,-140,29.5,31.2,2461,2601,2.9,2.9,50.2,9.8,7.1,90.8,52.8,72.5,50.9,2467,2382,1572,1596,1681,1974,1827,500,511,11,5006.7
"154","MTL",82,"20112012",207,214,-7,48.6,110.1,72.2,8.8,91.2,48.3,100,48.9,47.3,-96,857,953,10.2,11.4,21.6,47.6,-216,2141,2357,25.6,28.2,53.8,48.6,-262,4474,4736,53.5,56.6,110.1,48.8,-154,38.8,40.6,3241,3395,79.3,901,963,1233,1341,49,-92,28,29.1,2340,2432,2.5,2.6,49.2,8.8,6.4,91.2,52.3,72.2,48.3,2287,2452,1530,1609,1600,1840,1771,399,391,-8,5017.9
"155","MTL",82,"20142015",214,184,30,48.4,112,72.1,9.2,92.5,52.1,101.7,47.1,47.7,-82,847,929,10.2,11.1,21.3,47.2,-242,2048,2290,24.5,27.4,52,48.4,-293,4527,4820,54.3,57.8,112,48.7,-175,38.8,40.9,3239,3414,79.7,905,945,1288,1406,48.6,-135,28,29.6,2334,2469,2.6,2.2,53.8,9.2,6.6,92.5,51.6,72.1,52.1,2695,2479,1657,1656,1861,1696,2276,337,320,-17,5006.4
"156","NSH",48,"20122013",109,133,-24,47,99.6,72.8,8.8,90,49.7,98.8,45.2,50.4,7,486,479,10,9.8,19.8,48.7,-58,1130,1188,23.1,24.3,47.5,47,-295,2284,2579,46.8,52.8,99.6,47.7,-168,35,38.4,1708,1876,73.4,464,541,576,703,48.2,-91,25.5,27.3,1244,1335,2.2,2.7,45,8.8,6.4,90,54.5,72.8,49.7,1381,1396,856,885,1036,995,961,187,188,1,2929.4
"157","COL",48,"20122013",114,150,-36,47.3,111.9,73.6,8.1,90.1,51.1,98.1,49.2,46.8,-77,557,634,11.4,13,24.4,46.9,-169,1293,1462,26.5,29.9,56.4,47.3,-300,2583,2883,52.9,59,111.9,47.8,-177,39.4,43,1923,2100,82.4,508,592,660,783,48.4,-93,29,30.9,1415,1508,2.3,3.1,43.2,8.1,5.9,90.1,54.8,73.6,51.1,1449,1388,942,923,972,1241,901,232,183,-49,2930.5
"158","DAL",82,"20112012",204,218,-14,48.3,111.4,69.7,8.8,91.4,49.1,100.2,46.5,47.5,-86,804,890,9.7,10.7,20.4,46.9,-265,2011,2276,24.2,27.4,51.6,48.3,-310,4475,4785,53.8,57.5,111.4,48.5,-202,39.9,42.4,3321,3523,82.3,1006,996,1154,1262,47.8,-212,27.8,30.4,2315,2527,2.5,2.6,48.3,8.8,6.1,91.4,51.7,69.7,49.1,2329,2413,1485,1548,1709,2235,1829,409,350,-59,4989
"159","NSH",82,"20132014",214,233,-19,48.2,105.8,73.5,9,90.2,53.1,99.2,47.8,52.4,77,840,763,10.1,9.2,19.3,49.6,-35,2027,2062,24.4,24.8,49.2,48.2,-316,4240,4556,51,54.8,105.8,49.4,-85,39,40,3241,3326,79,859,956,999,1230,50.1,12,28.6,28.5,2382,2370,2.6,2.8,47.9,9,6.6,90.2,56.2,73.5,53.1,2586,2287,1596,1537,1740,1611,1595,315,314,-1,4989.9
"160","NYR",82,"20112012",222,182,40,48.2,105.8,72.5,9.5,92,49.9,101.5,48.8,53.8,137,966,829,11.6,10,21.5,51.2,101,2169,2068,26,24.8,50.9,48.2,-318,4247,4565,51,54.8,105.8,50,-2,38.7,38.7,3225,3227,77.5,886,946,1022,1338,50.6,58,28.1,27.4,2339,2281,2.7,2.2,55,9.5,6.9,92,55.1,72.5,49.9,2286,2291,1475,1556,1546,2419,1937,384,414,30,4998.1
"161","ATL",82,"20092010",230,250,-20,48.2,108.5,74.1,9.5,90.8,50.8,100.3,45.2,43.7,-249,860,1109,10.3,13.3,23.7,47.3,-253,2176,2429,26.2,29.2,55.4,48.2,-323,4349,4672,52.3,56.2,108.5,47.4,-352,39.1,43.3,3251,3603,82.4,841,886,1098,1069,47,-307,29,32.7,2410,2717,2.8,3,47.9,9.5,7.1,90.8,55.4,74.1,50.8,2449,2368,1460,1584,1773,1469,1377,428,429,1,4988
"162","STL",82,"20082009",227,227,0,48.1,103.6,70.2,10,90.3,49.1,100.3,48,49.9,-3,852,855,10.2,10.3,20.5,49,-82,2101,2183,25.2,26.2,51.5,48.1,-326,4151,4477,49.9,53.8,103.6,49.1,-114,38.9,40.2,3235,3349,79.1,964,1007,916,1128,49.2,-71,27.3,28.1,2271,2342,2.7,2.7,50,10,7,90.3,54.7,70.2,49.1,2291,2378,1452,1643,1574,1611,1651,481,477,-4,4994.8
"163","T.B",48,"20122013",147,147,0,46.8,106.3,72.5,11.1,89.9,51.2,101,47.3,50.4,8,563,555,11.6,11.5,23.1,47.7,-121,1255,1376,25.9,28.4,54.4,46.8,-327,2410,2737,49.8,56.5,106.3,47,-231,37.7,42.5,1826,2057,80.2,503,606,584,680,47.7,-128,27.3,30,1323,1451,3,3,50,11.1,8.1,89.9,54.9,72.5,51.2,1500,1432,899,1033,1000,1105,1074,222,231,9,2904.3
"164","PIT",82,"20082009",258,233,25,48.1,109,72.1,10.8,90.6,49.1,101.5,50.8,50.7,29,982,953,11.8,11.4,23.2,50.5,51,2415,2364,28.9,28.3,57.2,48.1,-346,4376,4722,52.4,56.6,109,49,-138,39.6,41.2,3304,3442,80.8,923,958,1072,1280,48.9,-103,28.5,29.7,2381,2484,3.1,2.8,52.5,10.8,7.8,90.6,54.4,72.1,49.1,2310,2395,1574,1609,1522,1939,2007,451,466,15,5009.8
"165","MIN",82,"20082009",214,197,17,48,104,71.3,9.5,92.2,48.5,101.7,45.1,47.5,-81,763,844,9.2,10.2,19.3,48.1,-160,2034,2194,24.5,26.4,50.9,48,-353,4147,4500,49.9,54.1,104,47.7,-302,38.1,41.7,3165,3467,79.8,907,949,982,1033,47.3,-260,27.2,30.3,2258,2518,2.6,2.4,52.1,9.5,6.8,92.2,54.4,71.3,48.5,2223,2361,1394,1491,1698,1468,1443,366,408,42,4986.6
"166","WSH",82,"20112012",218,226,-8,48,109.8,71.1,9.5,90.9,50,100.4,47.1,46.6,-117,811,928,9.8,11.2,20.9,46.8,-276,1991,2267,24,27.3,51.2,48,-358,4381,4739,52.7,57,109.8,48.4,-207,38.9,41.4,3230,3437,80.2,934,962,1151,1302,48.1,-179,27.6,29.8,2296,2475,2.6,2.7,49.1,9.5,6.7,90.9,52.4,71.1,50,2380,2384,1480,1622,1662,1972,1936,327,301,-26,4985.8
"167","T.B",81,"20092010",211,252,-41,47.8,106.4,72.7,9,90.1,51.5,99.1,47.8,47.2,-113,970,1083,11.8,13.2,24.9,47.1,-275,2194,2469,26.6,30,56.6,47.8,-379,4191,4570,50.9,55.5,106.4,48.1,-255,39.1,42.2,3223,3478,81.4,879,929,968,1092,47.9,-205,28.5,31,2344,2549,2.6,3.1,45.6,9,6.5,90.1,55.9,72.7,51.5,2416,2274,1443,1671,1576,1620,1542,495,480,-15,4940
"168","CBJ",81,"20092010",211,249,-38,47.7,102.3,75.7,9.1,89.9,51,99,47.4,50,-1,851,852,10.3,10.4,20.7,47.2,-223,1907,2130,23.2,25.9,49.1,47.7,-391,4015,4406,48.8,53.5,102.3,47.4,-330,37.2,41.2,3062,3392,78.4,745,917,953,1014,48.4,-158,28.2,30.1,2317,2475,2.6,3,45.9,9.1,6.9,89.9,57.7,75.7,51,2295,2205,1415,1515,1570,2039,1835,429,398,-31,4937.4
"169","NYI",82,"20092010",214,258,-44,48,115.4,72.4,8.6,90.1,48.2,98.7,47.3,48.9,-48,1069,1117,12.8,13.4,26.2,48.5,-158,2478,2636,29.6,31.5,61.2,48,-392,4625,5017,55.3,60,115.4,48.6,-195,41.2,43.5,3443,3638,84.7,949,1019,1182,1379,48.8,-125,29.8,31.3,2494,2619,2.6,3.1,45.3,8.6,6.2,90.1,53.9,72.4,48.2,2261,2426,1515,1487,1685,1829,1872,387,397,10,5015.2
"170","ANA",82,"20092010",233,243,-10,47.8,109.7,72.2,9.4,91.1,48.1,100.5,49.8,45.9,-173,970,1143,11.6,13.7,25.4,48.4,-150,2287,2437,27.5,29.3,56.7,47.8,-408,4363,4771,52.4,57.3,109.7,47.2,-406,41.1,46,3422,3828,87.1,950,1091,941,943,47.5,-265,29.7,32.9,2472,2737,2.8,2.9,48.9,9.4,6.8,91.1,56.7,72.2,48.1,2187,2363,1489,1561,1500,2050,1763,484,460,-24,4995.9
"171","NYI",82,"20112012",196,251,-55,47.7,110.7,73.9,8.1,89.8,48,98,50.3,49.4,-25,1014,1039,12.2,12.5,24.6,48.5,-137,2278,2415,27.3,29,56.3,47.7,-416,4405,4821,52.9,57.9,110.7,48.5,-197,39.1,41.5,3260,3457,80.6,850,988,1145,1364,49.4,-59,28.9,29.6,2410,2469,2.4,3,43.8,8.1,6,89.8,54.7,73.9,48,2188,2371,1515,1546,1498,1840,1811,305,313,8,4999.6
"172","ARI",82,"20142015",165,267,-102,47.7,116.3,70.7,6.9,90.2,51.8,97.1,48.1,44.3,-223,872,1095,10.5,13.2,23.6,46.2,-353,2150,2503,25.8,30.1,55.9,47.7,-443,4617,5060,55.5,60.8,116.3,47.2,-406,40.7,45.5,3384,3790,86.2,992,1068,1233,1270,46.8,-330,28.7,32.7,2392,2722,2,3.2,38.2,6.9,4.9,90.2,51.8,70.7,51.8,2666,2476,1686,1639,1817,2489,2450,338,293,-45,4994.4
"173","PHI",82,"20082009",260,232,28,47.6,113.4,72.6,10.7,91.3,48.3,102,45.6,49.5,-17,904,921,10.8,11,21.9,48.5,-137,2232,2369,26.8,28.4,55.2,47.6,-445,4506,4951,54,59.4,113.4,47.6,-345,40.3,44.5,3363,3708,84.8,922,1040,1143,1243,47.8,-227,29.3,32,2441,2668,3.1,2.8,52.8,10.7,7.7,91.3,54.2,72.6,48.3,2379,2543,1474,1690,1758,1712,1608,548,469,-79,5004.8
"174","WSH",82,"20132014",225,229,-4,47.6,113.1,71.7,9.3,91.7,48.4,101,50.5,46.9,-109,825,934,9.8,11.1,21,47.8,-202,2211,2413,26.3,28.7,55.1,47.6,-453,4522,4975,53.9,59.3,113.1,47.2,-399,40.1,44.8,3365,3764,84.9,952,1013,1157,1211,46.7,-338,28.7,32.8,2413,2751,2.7,2.7,49.6,9.3,6.7,91.7,53.4,71.7,48.4,2436,2596,1717,1635,1680,1904,2161,374,384,10,5037.1
"175","EDM",82,"20082009",228,244,-16,47.2,108.9,71.6,9.9,90.9,47.9,100.8,49,46.1,-147,859,1006,10.3,12.1,22.4,46.7,-289,2073,2362,25,28.4,53.4,47.2,-498,4273,4771,51.4,57.4,108.9,46.5,-482,38.7,44.5,3215,3697,83.2,912,1029,1058,1074,46.3,-365,27.7,32.1,2303,2668,2.7,2.9,48.3,9.9,7.1,90.9,53.9,71.6,47.9,2281,2483,1559,1583,1621,1393,1460,471,483,12,4985
"176","CGY",82,"20132014",202,238,-36,47.2,108,70.4,9.2,89.9,46.2,99,49.2,46.9,-110,819,929,9.8,11.2,21,46.9,-268,2024,2292,24.3,27.5,51.8,47.2,-501,4243,4744,51,57,108,48.5,-197,37.5,39.9,3124,3321,77.4,925,974,1119,1423,48.4,-148,26.4,28.2,2199,2347,2.4,2.9,45.9,9.2,6.5,89.9,51.8,70.4,46.2,2253,2619,1605,1609,1658,1708,1463,323,334,11,4995.1
"177","CGY",82,"20112012",199,217,-18,47.2,106.8,73.3,8.8,91.4,46.2,100.2,48.5,48,-68,835,903,10,10.8,20.8,48.2,-154,2049,2203,24.5,26.4,50.9,47.2,-506,4203,4709,50.4,56.4,106.8,46.5,-468,36.9,42.5,3083,3551,79.5,824,1022,1120,1158,47.2,-270,27.1,30.3,2259,2529,2.4,2.6,47.8,8.8,6.5,91.4,53.7,73.3,46.2,2218,2586,1540,1628,1636,1603,1519,356,345,-11,5008.1
"178","MTL",82,"20092010",210,218,-8,47.3,113.6,71,9,91.7,49.7,100.7,47.2,48.4,-64,953,1017,11.4,12.2,23.6,47.6,-218,2201,2419,26.3,28.9,55.3,47.3,-516,4489,5005,53.7,59.9,113.6,47.4,-357,39.5,43.8,3304,3661,83.3,958,1027,1185,1344,47.1,-288,28.1,31.5,2346,2634,2.5,2.6,49.1,9,6.4,91.7,52.3,71,49.7,2285,2312,1422,1582,1593,1542,1726,409,366,-43,5016
"179","COL",82,"20082009",190,253,-63,47,106.9,74,8.1,89.4,47.8,97.4,49.5,52.9,102,939,837,11.3,10.1,21.4,49.1,-81,2193,2274,26.4,27.3,53.7,47,-525,4184,4709,50.3,56.6,106.9,48.4,-205,38.3,40.8,3187,3392,79.1,828,1016,997,1317,49.8,-17,28.4,28.6,2359,2376,2.3,3,42.9,8.1,6,89.4,56.4,74,47.8,2199,2401,1490,1589,1521,1462,1379,416,411,-5,4989.5
"180","CBJ",82,"20142015",227,248,-21,47,107.6,74.2,9.6,91,49.3,100.5,46.3,49.3,-26,914,940,11,11.3,22.3,48.1,-166,2117,2283,25.4,27.4,52.8,47,-532,4215,4747,50.6,57,107.6,46.5,-477,38.3,44,3190,3667,82.3,824,925,1025,1080,46.3,-376,28.4,32.9,2366,2742,2.7,3,47.8,9.6,7.1,91,56.1,74.2,49.3,2498,2570,1606,1601,1861,2510,1930,398,344,-54,4998.1
"181","BUF",48,"20122013",118,139,-21,45,108.8,74.4,8.8,91.3,46.2,100.2,48.3,43,-162,500,662,10.2,13.5,23.7,44,-320,1175,1495,23.9,30.4,54.4,45,-533,2405,2938,49,59.8,108.8,44.8,-421,36.6,45.2,1799,2220,81.8,460,614,606,718,45.5,-267,27.3,32.7,1339,1606,2.4,2.8,45.9,8.8,6.6,91.3,55.7,74.4,46.2,1340,1558,941,951,1006,1079,975,242,230,-12,2946.1
"182","TOR",48,"20122013",145,128,17,45,113.9,69.8,11.5,91.7,50.1,103.2,44.4,46.1,-85,509,594,10.5,12.2,22.7,46.3,-202,1273,1475,26.2,30.4,56.6,45,-550,2489,3039,51.3,62.6,113.9,45,-402,37.3,45.6,1811,2213,82.9,547,664,678,826,44.9,-285,26.1,31.9,1264,1549,3,2.6,53.1,11.5,8,91.7,50.8,69.8,50.1,1477,1474,868,998,1085,1626,1357,247,251,4,2911.2
"183","MTL",82,"20132014",209,201,8,47,113.8,71.2,9,92.1,49.6,101.1,45.9,50.3,13,953,940,11.5,11.3,22.8,46.9,-281,2105,2386,25.3,28.7,54,47,-561,4452,5013,53.5,60.3,113.8,48.2,-249,39.3,42.3,3273,3522,81.7,942,980,1179,1491,47.8,-211,28,30.6,2331,2542,2.5,2.4,51,9,6.4,92.1,52.4,71.2,49.6,2532,2576,1571,1686,1851,1722,2000,401,401,0,4991.6
"184","COL",82,"20102011",221,287,-66,46.9,109,73.8,9.2,89,50.6,98.2,48.3,49.8,-9,1007,1016,12.1,12.2,24.3,48.5,-138,2308,2446,27.7,29.4,57.2,46.9,-562,4254,4816,51.1,57.9,109,47.1,-395,39,43.8,3245,3640,82.8,851,1031,1009,1176,47.9,-215,28.8,31.4,2394,2609,2.7,3.5,43.5,9.2,6.8,89,56.3,73.8,50.6,2436,2375,1543,1616,1652,1726,1703,414,360,-54,4990.5
"185","NYI",81,"20102011",221,253,-32,46.9,114.8,72.8,9.3,90.2,50.2,99.5,46.6,47.3,-114,988,1102,12,13.3,25.3,47.3,-264,2329,2593,28.2,31.4,59.6,46.9,-584,4445,5029,53.8,60.9,114.8,47.1,-400,39.6,44.4,3267,3667,84,887,1082,1178,1362,47.9,-205,28.8,31.3,2380,2585,2.7,3.1,46.6,9.3,6.8,90.2,53.5,72.8,50.2,2407,2392,1494,1595,1710,1786,1578,475,449,-26,4953.1
"186","FLA",82,"20082009",231,223,8,46.9,112.7,72.6,9.6,92.2,47.9,101.7,47,49.1,-36,1018,1054,12.2,12.7,24.9,47.7,-215,2265,2480,27.2,29.8,57,46.9,-589,4399,4988,52.8,59.9,112.7,46.1,-561,39.9,46.6,3322,3883,86.5,910,1039,1077,1105,45.9,-432,29,34.1,2412,2844,2.8,2.7,50.9,9.6,7,92.2,54.8,72.6,47.9,2291,2492,1506,1580,1697,1562,1718,377,379,2,4998.3
"187","EDM",48,"20122013",123,131,-8,44.3,108.5,72.7,9.6,91.7,46.1,101.2,48,43.6,-154,527,681,10.8,14,24.8,44.4,-333,1307,1640,26.8,33.7,60.5,44.3,-599,2344,2943,48.1,60.4,108.5,44.7,-423,36.3,44.9,1767,2190,81.2,482,617,577,753,45,-288,26.4,32.3,1285,1573,2.5,2.7,48.4,9.6,7,91.7,54.8,72.7,46.1,1267,1480,893,888,966,1060,1040,215,213,-2,2923.7
"188","ATL",82,"20082009",250,279,-29,46.6,106.6,73.1,10.8,89.6,51.1,100.4,44.5,45,-192,864,1056,10.4,12.7,23.1,46.4,-325,2122,2447,25.6,29.5,55,46.6,-605,4122,4727,49.6,56.9,106.6,46.7,-450,38,43.4,3155,3605,81.4,849,922,967,1122,46.2,-377,27.8,32.3,2306,2683,3,3.4,47.3,10.8,7.9,89.6,55.9,73.1,51.1,2487,2376,1443,1618,1801,1380,1206,491,479,-12,4981.5
"189","CGY",82,"20142015",237,213,24,46.8,112.8,71.7,10.5,91.1,47.5,101.6,47.9,48.5,-55,899,954,10.8,11.5,22.3,47.5,-226,2160,2386,26,28.7,54.7,46.8,-607,4387,4994,52.7,60,112.8,47.8,-295,37.8,41.3,3142,3437,79.1,890,1046,1245,1557,48.5,-139,27.1,28.7,2252,2391,2.8,2.6,52.7,10.5,7.5,91.1,51.3,71.7,47.5,2431,2692,1677,1622,1824,1781,1571,255,327,72,4990.2
"190","T.B",82,"20082009",207,269,-62,46.6,106.4,73.3,8.9,90,50.2,98.9,46.9,49.2,-29,934,963,11.2,11.5,22.7,47.9,-193,2240,2433,26.8,29.1,56,46.6,-610,4137,4747,49.6,56.9,106.4,46.7,-453,38.2,43.6,3190,3643,81.9,852,941,947,1104,46.4,-364,28,32.4,2338,2702,2.5,3.2,43.5,8.9,6.5,90,56.5,73.3,50.2,2333,2319,1435,1594,1623,1854,1441,515,440,-75,5008.2
"191","TOR",82,"20142015",206,257,-51,46.7,113.7,71.9,8.6,90.6,49.1,99.2,46.3,46,-173,987,1160,11.9,13.9,25.8,45.8,-415,2283,2698,27.5,32.4,59.9,46.7,-616,4422,5038,53.2,60.6,113.7,46.3,-528,40.1,46.4,3335,3863,86.5,938,1115,1087,1175,46.6,-351,28.8,33,2397,2748,2.5,3.1,44.5,8.6,6.2,90.6,54.2,71.9,49.1,2548,2646,1644,1640,1910,2545,2347,345,369,24,4990
"192","T.B",82,"20112012",232,278,-46,46.5,107.7,72.2,10.4,88.9,48.6,99.3,45.9,49.5,-22,1042,1064,12.5,12.8,25.3,45.9,-395,2224,2619,26.7,31.5,58.2,46.5,-627,4167,4794,50.1,57.6,107.7,46.7,-430,37.1,42.3,3086,3516,79.4,859,1014,1081,1278,47.1,-275,26.8,30.1,2227,2502,2.8,3.3,45.5,10.4,7.5,88.9,53.4,72.2,48.6,2354,2491,1418,1759,1668,1788,1838,360,347,-13,4991
"193","COL",82,"20132014",245,216,29,46.6,111,74.5,10.1,91.9,49.5,102.1,49,46.1,-165,964,1129,11.6,13.5,25.1,47.8,-209,2276,2485,27.3,29.8,57.1,46.6,-630,4313,4943,51.7,59.3,111,46.5,-492,39,44.9,3249,3741,83.8,828,1063,1064,1202,47.5,-257,29,32.1,2421,2678,2.9,2.6,53.1,10.1,7.5,91.9,56.1,74.5,49.5,2428,2479,1640,1559,1708,2035,1750,328,332,4,5003
"194","EDM",82,"20112012",207,232,-25,46.3,106.2,71.4,9.5,90.8,47.7,100.3,49.4,46,-165,950,1115,11.4,13.4,24.8,45.9,-375,2102,2477,25.3,29.8,55.1,46.3,-645,4090,4735,49.2,57,106.2,46.7,-435,36.8,42.1,3061,3496,78.9,875,978,1029,1239,46.5,-332,26.3,30.3,2186,2518,2.5,2.8,47.2,9.5,6.8,90.8,53.4,71.4,47.7,2182,2391,1477,1582,1514,1632,1575,374,332,-42,4987.3
"195","PHX",81,"20082009",200,248,-48,46.4,109.7,72.1,8.8,90.3,45,99.1,49.5,47,-104,811,915,9.9,11.2,21.1,46.4,-306,1945,2251,23.8,27.6,51.4,46.4,-651,4157,4808,50.9,58.9,109.7,46.5,-473,38.5,44.3,3148,3621,82.9,879,1066,1009,1187,47,-286,27.8,31.3,2269,2555,2.4,3,44.6,8.8,6.4,90.3,54.6,72.1,45,2067,2531,1501,1565,1532,1793,1771,407,453,46,4901.5
"196","EDM",82,"20102011",191,260,-69,46.2,108.7,72.3,8.7,90,44.2,98.7,49.3,45.4,-184,911,1095,11,13.2,24.1,45.3,-442,2132,2574,25.6,31,56.6,46.2,-680,4180,4860,50.3,58.4,108.7,45.4,-612,36.4,43.8,3029,3641,80.2,840,1044,1151,1219,45.7,-408,26.3,31.2,2189,2597,2.3,3.1,42.4,8.7,6.3,90,52.4,72.3,44.2,2036,2575,1490,1589,1532,1794,1610,451,427,-24,4989.6
"197","NSH",82,"20112012",232,205,27,46.1,105.2,73.8,10.3,91.9,49,102.1,46.6,49.3,-25,837,862,10.1,10.4,20.5,47.2,-239,1987,2226,23.9,26.8,50.7,46.1,-684,4026,4710,48.5,56.7,105.2,46.7,-433,36.9,42.1,3064,3497,79,803,973,962,1213,47.3,-263,27.2,30.4,2261,2524,2.8,2.5,53.1,10.3,7.6,91.9,56.2,73.8,49,2394,2492,1525,1613,1748,1514,1473,290,296,6,4982.7
"198","N.J",82,"20142015",176,209,-33,45.7,97.2,72.1,8.8,91.7,47.3,100.5,45.4,45.6,-145,746,891,9,10.7,19.7,46.3,-293,1858,2151,22.3,25.8,48.1,45.7,-689,3702,4391,44.4,52.7,97.2,45.4,-564,33.4,40.2,2785,3349,73.6,776,831,917,1042,44.4,-509,24.1,30.2,2009,2518,2.1,2.5,45.7,8.8,6.3,91.7,54.3,72.1,47.3,2203,2456,1417,1541,1701,1646,1796,325,274,-51,4997.2
"199","MIN",82,"20102011",203,228,-25,45.7,105.6,71.3,9.5,91.3,50.7,100.8,44.9,46.7,-119,831,950,10,11.4,21.4,45.4,-401,1984,2385,23.9,28.7,52.6,45.7,-756,4008,4764,48.2,57.3,105.6,45.3,-624,36.2,43.7,3011,3635,80,863,1010,997,1129,45,-477,25.9,31.6,2148,2625,2.4,2.7,47.1,9.5,6.7,91.3,53.6,71.3,50.7,2408,2337,1426,1567,1752,1865,1706,390,373,-17,4985.2
"200","NYI",82,"20082009",198,274,-76,45.9,116.2,73.5,8.3,90,45.7,98.4,46.3,45.6,-184,951,1135,11.5,13.7,25.2,46.2,-380,2289,2669,27.6,32.2,59.8,45.9,-797,4419,5216,53.3,62.9,116.2,45.8,-595,38.9,46.1,3230,3825,85.1,857,1074,1189,1391,46.3,-378,28.6,33.2,2373,2751,2.4,3.3,41.9,8.3,6.1,90,53.7,73.5,45.7,2180,2595,1500,1534,1741,1828,1562,465,423,-42,4976.5
"201","COL",82,"20092010",237,228,9,45.2,106.2,74.9,10.4,91.3,47.7,101.7,48.7,48.8,-46,962,1008,11.6,12.1,23.7,47.2,-257,2182,2439,26.2,29.3,55.5,45.2,-851,3994,4845,48,58.2,106.2,45.8,-566,36.7,43.5,3053,3619,80.1,765,990,941,1226,46.5,-341,27.5,31.6,2288,2629,2.8,2.7,51,10.4,7.8,91.3,57.3,74.9,47.7,2165,2370,1435,1591,1509,1568,1622,404,416,12,4995.3
"202","EDM",81,"20092010",205,272,-67,44.9,113.2,72.2,9,89.9,46.3,98.8,46.6,43.8,-245,861,1106,10.5,13.4,23.9,44.8,-491,2094,2585,25.4,31.4,56.9,44.9,-945,4186,5131,50.9,62.4,113.2,45.2,-668,38.5,46.6,3167,3835,85.1,880,1151,1019,1296,46,-397,27.8,32.6,2287,2684,2.5,3.3,43,9,6.5,89.9,54.6,72.2,46.3,2136,2477,1436,1530,1647,1533,1436,426,414,-12,4937.1
"203","ANA",82,"20102011",235,233,2,44.8,109.8,72.5,10.1,91.2,47.7,101.3,50,45.6,-176,902,1078,10.8,13,23.8,46,-368,2126,2494,25.5,30,55.5,44.8,-949,4093,5042,49.2,60.6,109.8,45.9,-575,38.7,45.6,3219,3794,84.3,885,1145,874,1248,46.8,-315,28,31.8,2334,2649,2.8,2.8,50.2,10.1,7.3,91.2,57,72.5,47.7,2206,2421,1510,1609,1508,1936,1797,425,405,-20,4992.7
"204","MIN",82,"20112012",166,217,-51,44.7,108.1,72.2,7.6,91.6,51.2,99.2,44.5,48.1,-73,913,986,10.9,11.8,22.6,46.9,-277,2118,2395,25.3,28.6,53.8,44.7,-968,4049,5017,48.3,59.8,108.1,45.1,-658,35.9,43.8,3012,3670,79.7,838,1099,1037,1347,45.8,-397,25.9,30.7,2174,2571,2,2.6,43.3,7.6,5.5,91.6,53.7,72.2,51.2,2461,2343,1464,1515,1825,1771,1733,382,371,-11,5030.6
"205","FLA",82,"20092010",202,234,-32,44.9,113.6,72.2,8.7,91.6,49.9,100.3,46.1,46.8,-132,952,1084,11.4,13,24.4,45,-475,2156,2631,25.8,31.5,57.4,44.9,-975,4255,5230,51,62.7,113.6,45.8,-599,38.7,45.8,3228,3827,84.5,897,1025,1027,1403,45.4,-471,27.9,33.6,2331,2802,2.4,2.8,46.3,8.7,6.3,91.6,54.8,72.2,49.9,2323,2335,1436,1540,1682,1810,1890,372,404,32,5008.2
"206","EDM",82,"20132014",199,267,-68,44.6,110.6,72.5,9,90.1,49,99.1,46.1,46.2,-150,908,1058,10.9,12.7,23.7,45.8,-407,2219,2626,26.7,31.6,58.4,44.6,-984,4101,5085,49.4,61.2,110.6,44.3,-787,36.7,46.2,3046,3833,82.8,837,1137,1055,1252,45,-487,26.6,32.5,2209,2696,2.4,3.2,42.7,9,6.5,90.1,53.9,72.5,49,2395,2491,1500,1633,1753,1751,1863,385,384,-1,4981.9
"207","COL",82,"20142015",209,223,-14,44.1,110.9,74.9,9.1,91.8,50.8,100.9,46.4,43.2,-263,829,1092,9.9,13.1,23,44.7,-490,2068,2558,24.7,30.6,55.4,44.1,-1095,4087,5182,48.9,62,110.9,44.6,-738,36.5,45.4,3053,3791,81.9,767,1072,1034,1391,45.7,-433,27.4,32.5,2286,2719,2.5,2.7,48.4,9.1,6.8,91.8,55.9,74.9,50.8,2560,2478,1613,1564,1861,2018,1671,306,317,11,5013.8
"208","BUF",82,"20132014",150,243,-93,43.4,108.7,73.5,7,91.4,46.8,98.3,44.8,43.9,-237,848,1085,10.2,13,23.2,41.6,-762,1874,2636,22.5,31.7,54.2,43.4,-1197,3924,5121,47.1,61.5,108.7,43,-948,35.3,46.6,2935,3883,81.9,778,1066,989,1238,43.4,-660,25.9,33.8,2157,2817,1.8,2.9,38.2,7,5.1,91.4,55,73.5,46.8,2305,2621,1511,1555,1860,1992,1537,352,334,-18,4994.5
"209","TOR",82,"20132014",222,252,-30,43.6,117.1,72.6,9.7,91.4,48.3,101.1,42.1,44.1,-234,880,1114,10.5,13.3,23.9,44.2,-579,2217,2796,26.6,33.5,60.1,43.6,-1243,4265,5508,51.1,66,117.1,42.7,-1073,37.8,50.7,3157,4230,88.5,865,1285,1108,1278,43.8,-653,27.5,35.3,2292,2945,2.7,3,46.8,9.7,7,91.4,53.7,72.6,48.3,2574,2760,1524,1710,2100,2592,2191,382,360,-22,5007.2
"210","BUF",82,"20142015",153,269,-116,38,109.1,75.1,7.7,90.8,45,98.5,41.6,42.3,-301,828,1129,10,13.6,23.5,38.4,-1052,1734,2786,20.9,33.5,54.4,38,-2186,3444,5630,41.4,67.7,109.1,39.2,-1457,31.7,49.3,2639,4096,81,656,1175,805,1534,40.4,-938,23.8,35.1,1983,2921,1.8,3.2,36.3,7.7,5.8,90.8,57.6,75.1,45,2195,2688,1402,1513,1968,2204,1610,339,303,-36,4989.2
