"","Name","Team","Gm","season","Age","Salary","AAV","Sv%","AdSv%","SA60","TOI","Sv%L","Sv%M","Sv%H","G","S","Sh","G.L","S.L","G.M","S.M","G.H","S.H"
"johnsch86-20122013","Chad.Johnson","PHX",4,"20122013",26,"0.600","0.600",95.37,96.36,26.31,246.3,100,100,84.85,5,103,108,0,56,0,19,5,28
"talboca87-20132014","Cam.Talbot","NYR",21,"20132014",26,"0.550","0.562",94.11,94.25,27.77,1210.1,97.81,93.96,86.86,33,527,560,6,268,9,140,18,119
"andercr81-20122013","Craig.Anderson","OTT",24,"20122013",31,"3.000","3.188",94.09,94.35,28.61,1419.9,98.8,94.19,84.88,40,637,677,4,329,10,162,26,146
"hammoan88-20142015","Andrew.Hammond","OTT",24,"20142015",26,"0.720","0.720",94.06,94.3,30.1,1409.2,97.62,92.86,88.57,42,665,707,8,328,14,182,20,155
"elliobr85-20112012","Brian.Elliott","STL",38,"20112012",26,"0.600","0.600",94.03,94.52,26.13,2232.2,97.67,94.16,88.06,58,914,972,10,420,16,258,32,236
"thomati74-20102011","Tim.Thomas","BOS",57,"20102011",36,"6.000","5.000",93.82,94.6,32.32,3361.9,98.29,95.2,86.01,112,1699,1811,13,748,25,496,74,455
"schneco86-20112012","Cory.Schneider","VAN",33,"20112012",25,"0.900","0.900",93.65,94.4,30.97,1831,97.42,92.52,89.77,60,885,945,10,378,19,235,31,272
"lehnero91-20122013","Robin.Lehner","OTT",12,"20122013",21,"0.900","0.870",93.63,94.04,34.64,734.5,96.76,92.91,89.29,27,397,424,6,179,9,118,12,100
"raantan89-20142015","Antti.Raanta","CHI",14,"20142015",25,"0.700","0.750",93.57,93.91,29.5,791.2,96.88,92.5,88.89,25,364,389,6,186,6,74,13,104
"darlisc88-20142015","Scott.Darling","CHI",14,"20142015",25,"0.570","0.570",93.56,94.36,30.24,831.3,97.19,96.36,86.26,27,392,419,5,173,4,106,18,113
"lehnero91-20112012","Robin.Lehner","OTT",5,"20112012",20,"0.900","0.870",93.51,94.65,30.88,299.2,100,97.3,80.43,10,144,154,0,71,1,36,9,37
"jonesma90-20132014","Martin.Jones","L.A",19,"20132014",23,"0.550","0.550",93.4,93.94,27.42,1094.2,95.5,95.76,88.75,33,467,500,10,212,5,113,18,142
"holtbbr89-20102011","Braden.Holtby","WSH",14,"20102011",20,"0.570","0.573",93.37,94.16,27.1,735,97.9,94.51,85.71,22,310,332,3,140,5,86,14,84
"priceca87-20142015","Carey.Price","MTL",66,"20142015",27,"6.750","6.500",93.34,93.8,29.47,3974.6,97.6,94.25,85.12,130,1822,1952,22,895,29,475,79,452
"hardijo84-20132014","Josh.Harding","MIN",29,"20132014",29,"2.100","1.900",93.33,93.42,24.84,1667,97.82,93.15,84.18,46,644,690,8,359,10,136,28,149
"thomati74-20082009","Tim.Thomas","BOS",53,"20082009",34,"1.100","1.100",93.27,93.95,31.24,3195.7,97.19,95.61,85.29,112,1552,1664,18,623,24,523,70,406
"staloal87-20132014","Alex.Stalock","S.J",24,"20132014",26,"0.625","0.625",93.17,93.38,27.43,1248.8,97.55,92.03,85.71,39,532,571,7,279,11,127,21,126
"bobrose88-20122013","Sergei.Bobrovsky","CBJ",38,"20122013",23,"0.900","0.900",93.17,93.52,29.33,2217.3,96.6,94.26,86.11,74,1010,1084,17,483,17,279,40,248
"pickaca92-20142015","Calvin.Pickard","COL",16,"20142015",22,"0.810","0.813",93.15,93.58,34.24,895.4,96.65,93.8,86.71,35,476,511,8,231,8,121,19,124
"peterju86-20112012","Justin.Peters","CAR",7,"20112012",25,"0.550","0.525",93.13,93.26,36.18,386.4,95.33,94.12,87.93,16,217,233,5,102,4,64,7,51
"raskxtu87-20092010","Tuukka.Rask","BOS",45,"20092010",22,"0.850","0.850",93.12,93.95,28.61,2560.8,97.43,95.71,84.66,84,1137,1221,13,493,15,335,56,309
"smithmi82-20112012","Mike.Smith","PHX",67,"20112012",29,"2.000","2.000",93.03,94.15,31.77,3901.4,98.54,93.83,84.98,144,1922,2066,13,875,32,487,99,560
"raskxtu87-20132014","Tuukka.Rask","BOS",58,"20132014",26,"6.000","7.000",92.99,93.23,29.09,3384.6,96.2,92.92,87.12,115,1526,1641,30,760,30,394,55,372
"lundqhe82-20112012","Henrik.Lundqvist","NYR",62,"20112012",29,"6.875","6.875",92.98,93.21,28.04,3751.6,96.62,93.2,85.87,123,1630,1753,29,830,30,411,64,389
"rinnepe82-20102011","Pekka.Rinne","NSH",64,"20102011",27,"2.800","3.400",92.97,93.57,30.19,3785.4,97.22,93.6,85.66,134,1771,1905,23,805,35,512,76,454
"hardijo84-20082009","Josh.Harding","MIN",19,"20082009",24,"0.750","0.725",92.94,92.97,31.3,868.4,97.25,93.18,83.5,32,421,453,6,212,9,123,17,86
"dubnyde86-20142015","Devan.Dubnyk","ARI/MIN",58,"20142015",28,"0.800","0.800",92.92,93.3,29.3,3327.9,97.55,92.43,84.98,115,1510,1625,19,757,32,391,64,362
"raskxtu87-20112012","Tuukka.Rask","BOS",23,"20112012",24,"1.500","1.250",92.91,93.72,28.92,1288.6,97.14,92.42,87.64,44,577,621,7,238,15,183,22,156
"millery80-20092010","Ryan.Miller","BUF",68,"20092010",29,"6.250","6.250",92.87,93.7,31.04,3983.4,96.85,94.11,86.49,147,1914,2061,27,830,33,527,87,557
"schneco86-20102011","Cory.Schneider","VAN",25,"20102011",24,"0.900","0.900",92.86,93.74,31.25,1370.8,96.14,93.93,88.38,51,663,714,10,249,13,201,28,213
"raskxtu87-20122013","Tuukka.Rask","BOS",36,"20122013",25,"3.500","3.500",92.86,93.82,27.97,2102.6,98.02,92.23,86.35,70,910,980,8,396,22,261,40,253
"quickjo86-20112012","Jonathan.Quick","L.A",68,"20112012",25,"1.800","1.800",92.82,93.18,27.37,4031.6,97.9,93.46,82.72,132,1707,1839,18,838,34,486,80,383
"luongro79-20102011","Roberto.Luongo","VAN",60,"20102011",31,"10.000","5.333",92.81,93.56,29.31,3588.2,97.29,93.5,85.57,126,1627,1753,20,719,33,475,73,433
"labarja80-20092010","Jason.Labarbera","PHX",17,"20092010",29,"1.000","1.000",92.81,93.15,29.72,926.7,96.33,97.48,81.97,33,426,459,8,210,3,116,22,100
"varlase88-20132014","Semyon.Varlamov","COL",63,"20132014",25,"3.000","2.833",92.75,93.67,33.21,3636.9,97.49,94.61,84.49,146,1867,2013,22,853,28,491,96,523
"masonst88-20142015","Steve.Mason","PHI",51,"20142015",26,"4.100","4.100",92.75,93.26,31,2884.3,97.5,93.84,83.54,108,1382,1490,18,702,22,335,68,345
"mrazepe92-20132014","Petr.Mrazek","DET",9,"20132014",21,"0.630","0.595",92.7,93.43,23.84,447.9,98.65,94.74,80.85,13,165,178,1,73,3,54,9,38
"schneco86-20122013","Cory.Schneider","VAN",30,"20122013",26,"3.500","4.000",92.69,93.61,28.92,1732.6,98.02,90.43,87.25,61,774,835,7,347,22,208,32,219
"priceca87-20132014","Carey.Price","MTL",59,"20132014",26,"5.750","6.500",92.67,93.04,31.69,3461,98.03,92.13,83.15,134,1694,1828,17,846,40,468,77,380
"emeryra82-20102011","Ray.Emery","ANA",10,"20102011",27,"0.500","0.500",92.65,93.25,31.01,526.3,96.58,92.31,87.01,20,252,272,4,113,6,72,10,67
"lundqhe82-20122013","Henrik.Lundqvist","NYR",43,"20122013",30,"6.875","6.875",92.61,92.89,27.75,2573.3,96.56,92.62,85.21,88,1102,1190,20,561,22,276,46,265
"crawfco84-20122013","Corey.Crawford","CHI",30,"20122013",27,"2.250","2.667",92.59,93.34,26.22,1759.8,97.38,94.09,83.86,57,712,769,9,334,12,191,36,187
"talboca87-20142015","Cam.Talbot","NYR",36,"20142015",27,"0.575","0.562",92.58,93.02,29.78,2091.6,96.42,93.42,85.27,77,961,1038,18,485,16,227,43,249
"khudoan86-20132014","Anton.Khudobin","CAR",36,"20132014",27,"0.800","0.800",92.57,93.22,30.99,2083.4,97.98,91.87,84.28,80,996,1076,10,484,23,260,47,252
"halakja85-20112012","Jaroslav.Halak","STL",46,"20112012",26,"3.500","3.750",92.57,93.18,26.49,2743.3,96.15,94.84,85.11,90,1121,1211,21,524,16,294,53,303
"vokouto76-20082009","Tomas.Vokoun","FLA",59,"20082009",32,"5.500","5.700",92.56,93.25,33.53,3321.7,97.49,93.32,84.03,138,1718,1856,21,815,33,461,84,442
"grubaph91-20132014","Philipp.Grubauer","WSH",17,"20132014",21,"0.550","0.578",92.54,92.82,31.88,882.7,97.76,92.37,82.61,35,434,469,5,218,10,121,20,95
"schneco86-20142015","Cory.Schneider","N.J",69,"20142015",28,"4.500","4.000",92.53,93.31,30.35,3917.9,97.21,93.15,85.03,148,1834,1982,24,837,37,503,87,494
"johnsch86-20132014","Chad.Johnson","BOS",27,"20132014",27,"0.600","0.600",92.51,93.77,28.14,1509.6,98.25,93.37,84.51,53,655,708,5,281,13,183,35,191
"montoal85-20082009","Al.Montoya","PHX",5,"20082009",23,"0.700","0.725",92.5,92.55,27.79,259.1,98.36,96.67,75.86,9,111,120,1,60,1,29,7,22
"howarji84-20092010","Jimmy.Howard","DET",62,"20092010",25,"0.750","0.717",92.48,93.02,29.73,3676.6,97.09,93.84,83.4,137,1685,1822,24,801,31,472,82,412
"vokouto76-20092010","Tomas.Vokoun","FLA",63,"20092010",33,"5.700","5.700",92.46,93.14,33.84,3692,96.43,94.98,84.18,157,1925,2082,32,865,29,549,96,511
"bishobe86-20132014","Ben.Bishop","T.B",63,"20132014",26,"2.200","2.300",92.44,93.31,29.44,3585.4,97.58,93.45,83.95,133,1626,1759,18,726,33,471,82,429
"andercr81-20082009","Craig.Anderson","FLA",31,"20082009",27,"0.575","0.550",92.43,93.25,35.87,1634.4,97.42,92.72,84.78,74,903,977,11,416,19,242,44,245
"halakja85-20092010","Jaroslav.Halak","MTL",45,"20092010",24,"0.800","0.775",92.42,93.31,31.64,2628.3,97.46,94.33,83.33,105,1281,1386,16,615,19,316,70,350
"crawfco84-20142015","Corey.Crawford","CHI",57,"20142015",29,"6.500","6.000",92.41,93.23,29.92,3330.8,98.11,92.6,83.33,126,1535,1661,14,727,33,413,79,395
"niemian83-20122013","Antti.Niemi","S.J",43,"20122013",29,"4.000","3.800",92.38,92.57,28.39,2578.8,96.56,93.38,83.12,93,1127,1220,21,589,20,282,52,256
"poulike90-20102011","Kevin.Poulin","NYI",10,"20102011",20,"0.588","0.604",92.37,93.95,32.01,491.1,99.02,93.24,83.72,20,242,262,1,101,5,69,14,72
"varlase88-20102011","Semyon.Varlamov","WSH",27,"20102011",22,"0.765","0.822",92.36,93.13,29.22,1558.5,96.66,95.15,83.48,58,701,759,11,318,10,196,37,187
"reimeja88-20122013","James.Reimer","TOR",33,"20122013",24,"1.600","1.800",92.36,92.92,32.19,1854.9,96.48,92.22,85.92,76,919,995,16,438,20,237,40,244
"hillejo82-20102011","Jonas.Hiller","ANA",49,"20102011",28,"4.500","4.500",92.36,93.32,33.56,2669,97.57,93.09,84.35,114,1379,1493,15,603,30,404,69,372
"marksja90-20112012","Jacob.Markstrom","FLA",7,"20112012",21,"0.875","0.875",92.34,92.87,34.77,383.1,97.25,91.67,84.62,17,205,222,3,106,4,44,10,55
"labarja80-20122013","Jason.Labarbera","PHX",15,"20122013",32,"1.300","1.250",92.34,93.59,34.58,725.2,96.63,93.75,86.88,32,386,418,6,172,5,75,21,139
"anderfr89-20132014","Frederik.Andersen","ANA",28,"20132014",23,"0.925","0.925",92.34,93.28,29.95,1568.4,98.3,95.61,80.09,60,723,783,6,346,9,196,45,181
"andercr81-20142015","Craig.Anderson","OTT",35,"20142015",33,"3.500","3.188",92.33,92.34,32.54,2091,96.85,93.84,81.11,87,1047,1134,18,554,18,274,51,219
"holtbbr89-20142015","Braden.Holtby","WSH",73,"20142015",24,"2.000","1.850",92.32,92.67,28.89,4245.6,96.41,91.86,85.4,157,1887,2044,35,940,43,485,79,462
"priceca87-20102011","Carey.Price","MTL",72,"20102011",23,"2.500","2.750",92.31,93.34,30.64,4203.8,97.94,92.63,84.1,165,1982,2147,19,904,42,528,104,550
"rinnepe82-20112012","Pekka.Rinne","NSH",73,"20112012",28,"4.000","3.400",92.29,92.54,31.01,4165.8,97.68,92.57,81.4,166,1987,2153,24,1010,44,548,98,429
"khabini73-20122013","Nikolai.Khabibulin","EDM",12,"20122013",39,"3.750","3.750",92.29,93.81,33.01,683.5,97.6,88.81,90.6,29,347,376,3,122,15,119,11,106
"howarji84-20122013","Jimmy.Howard","DET",42,"20122013",28,"2.250","2.250",92.29,93.32,27.73,2442.5,97.56,95.58,81.92,87,1042,1129,12,480,13,281,62,281
"bernijo88-20132014","Jonathan.Bernier","TOR",55,"20132014",25,"2.400","2.900",92.28,92.87,34.79,3081.5,97.37,92.93,83.09,138,1649,1787,21,778,36,473,81,398
"backsni78-20082009","Niklas.Backstrom","MIN",71,"20082009",30,"3.100","3.100",92.28,92.6,30.27,4081.8,97.48,93.62,81.05,159,1900,2059,24,927,38,558,97,415
"danisya81-20092010","Yann.Danis","N.J",12,"20092010",28,"0.500","0.500",92.27,93.23,26.58,467.2,96.77,96,82.81,16,191,207,3,90,2,48,11,53
"lundqhe82-20102011","Henrik.Lundqvist","NYR",68,"20102011",28,"7.750","6.875",92.26,92.81,29.46,4002.7,96.45,94.37,83.39,152,1813,1965,32,870,29,486,91,457
"rinnepe82-20142015","Pekka.Rinne","NSH",64,"20142015",31,"7.000","7.000",92.25,92.43,28.16,3849.8,97.36,91.76,82.44,140,1667,1807,24,884,37,412,79,371
"bironma77-20102011","Martin.Biron","NYR",17,"20102011",33,"0.950","0.875",92.25,92.81,27.59,926.5,97.96,91.6,82.88,33,393,426,4,192,10,109,19,92
"raskxtu87-20142015","Tuukka.Rask","BOS",70,"20142015",27,"7.500","7.000",92.24,92.49,29.72,4059.8,96.91,94.1,81.33,156,1855,2011,29,908,34,542,93,405
"lundqhe82-20142015","Henrik.Lundqvist","NYR",46,"20142015",32,"11.000","8.500",92.24,92.28,29.08,2740.1,96.45,92.51,83.02,103,1225,1328,24,652,25,309,54,264
"wardxca84-20102011","Cam.Ward","CAR",73,"20102011",26,"5.000","6.300",92.23,92.94,33.03,4255.9,97.01,92.96,84.13,182,2161,2343,31,1005,45,594,106,562
"johnsbr77-20102011","Brent.Johnson","PIT",23,"20102011",33,"0.600","0.600",92.22,92.85,27.97,1295.9,97.77,92.05,83.02,47,557,604,6,263,14,162,27,132
"elliobr85-20132014","Brian.Elliott","STL",31,"20132014",28,"1.900","1.800",92.22,92.23,25.18,1622.5,95.81,93.09,83.65,53,628,681,14,320,13,175,26,133
"scrivbe86-20132014","Ben.Scrivens","L.A/EDM",40,"20132014",27,"0.625","0.613",92.2,92.71,32.73,2209.1,96.91,93.05,83.28,94,1111,1205,17,534,23,308,54,269
"hackema90-20112012","Matt.Hackett","MIN",12,"20112012",21,"0.715","0.707",92.2,93.45,30.5,554.7,99.17,93.59,80.95,22,260,282,1,119,5,73,16,68
"holtbbr89-20112012","Braden.Holtby","WSH",7,"20112012",21,"0.550","0.573",92.19,92.66,31.96,360.4,96.81,93.33,83.02,15,177,192,3,91,3,42,9,44
"bobrose88-20132014","Sergei.Bobrovsky","CBJ",57,"20132014",24,"5.000","5.625",92.19,92.64,30.86,3237.7,96.95,91.49,84.46,130,1535,1665,24,762,37,398,69,375
"vokouto76-20102011","Tomas.Vokoun","FLA",57,"20102011",34,"6.300","5.700",92.18,93.09,32.63,3223.3,97.22,91.72,85.53,137,1616,1753,21,734,38,421,78,461
"lehtoka83-20112012","Kari.Lehtonen","DAL",59,"20112012",27,"3.700","3.550",92.18,92.6,29.87,3492.6,96.46,92.9,83.96,136,1603,1739,28,763,35,458,73,382
"emeryra82-20122013","Ray.Emery","CHI",21,"20122013",29,"1.150","1.150",92.17,92.61,24.74,1115.5,94.44,95.24,86.03,36,424,460,11,187,6,120,19,117
"nabokev75-20092010","Evgeni.Nabokov","S.J",71,"20092010",34,"6.000","5.375",92.16,92.76,31.04,4191,97.2,93.17,82.75,170,1998,2168,28,972,39,532,103,494
"bernijo88-20122013","Jonathan.Bernier","L.A",14,"20122013",24,"1.525","1.250",92.16,92.58,23.92,767.7,95.17,96.05,83.53,24,282,306,7,138,3,73,14,71
"conklty76-20092010","Ty.Conklin","STL",26,"20092010",33,"1.200","1.300",92.15,92.65,31.61,1450.2,95.85,93.02,85.38,60,704,764,14,323,15,200,31,181
"montoal85-20102011","Al.Montoya","NYI",20,"20102011",25,"0.750","0.750",92.14,93.64,30.42,1153.8,97.64,93.64,85,46,539,585,5,207,11,162,30,170
"varlase88-20142015","Semyon.Varlamov","COL",57,"20142015",26,"6.250","5.900",92.13,92.92,32.52,3304.1,97.06,92.62,84.29,141,1650,1791,23,758,36,452,82,440
"fasthvi82-20122013","Viktor.Fasth","ANA",25,"20122013",30,"1.000","1.000",92.13,92.7,27.79,1427.3,96.74,91.62,85.03,52,609,661,10,297,14,153,28,159
"bryzgil80-20102011","Ilya.Bryzgalov","PHX",68,"20102011",30,"4.500","4.250",92.09,92.79,31.43,4056.4,96.82,94.14,82.75,168,1957,2125,30,912,34,546,104,499
"lundqhe82-20092010","Henrik.Lundqvist","NYR",73,"20092010",27,"6.875","6.875",92.08,92.79,30.11,4202.2,96.13,92.79,85.58,167,1942,2109,36,894,39,502,92,546
"lackxed88-20142015","Eddie.Lack","VAN",41,"20142015",26,"1.000","1.150",92.08,93.16,31.01,2322.1,97.7,93.87,82.66,95,1105,1200,12,509,19,291,64,305
"neuvimi88-20132014","Michal.Neuvirth","WSH/BUF",15,"20132014",25,"2.400","2.500",92.07,92.73,35.14,882.7,96.46,90.91,86.49,41,476,517,8,218,13,130,20,128
"reimeja88-20102011","James.Reimer","TOR",37,"20102011",22,"0.555","0.547",92.06,92.61,32.72,2079.5,96.27,91.59,85.71,90,1044,1134,19,491,26,283,45,270
"luongro79-20142015","Roberto.Luongo","FLA",61,"20142015",35,"6.714","5.333",92.06,92.07,29.58,3527.1,96.62,90.95,83.37,138,1601,1739,30,858,40,402,68,341
"kiprumi76-20112012","Miikka.Kiprusoff","CGY",70,"20112012",34,"6.000","5.833",92.06,92.62,29.69,4125.1,97.05,93.31,82.34,162,1879,2041,28,920,36,502,98,457
"halakja85-20132014","Jaroslav.Halak","STL/WSH",52,"20132014",28,"4.500","3.750",92.06,92.46,28.29,2937.3,96.6,91.27,84.72,110,1275,1385,22,625,33,345,55,305
"dubnyde86-20122013","Devan.Dubnyk","EDM",38,"20122013",26,"3.250","3.500",92.06,92.88,32.4,2097.9,95.61,93.59,86.27,90,1043,1133,19,414,22,321,49,308
"schneco86-20132014","Cory.Schneider","N.J",45,"20132014",27,"4.000","4.000",92.05,92.88,24.81,2676.8,97.03,93.99,82.81,88,1019,1107,14,457,19,297,55,265
"howarji84-20112012","Jimmy.Howard","DET",57,"20112012",27,"2.250","2.250",92.05,92.79,26.76,3354.4,96.43,92.7,85.03,119,1377,1496,23,621,30,381,66,375
"thomati74-20112012","Tim.Thomas","BOS",59,"20112012",37,"5.000","5.000",92.04,92.49,29.73,3348.6,96.35,92.81,83.83,132,1527,1659,27,712,35,452,70,363
"lundqhe82-20132014","Henrik.Lundqvist","NYR",63,"20132014",31,"5.125","6.875",92.04,92.69,29.73,3653,97.17,92.17,83.53,144,1666,1810,24,823,35,412,85,431
"luongro79-20082009","Roberto.Luongo","VAN",53,"20082009",29,"7.000","6.750",92.03,92.87,29.03,3139.1,96.27,94.98,83.41,121,1398,1519,24,619,21,397,76,382
"khudoan86-20122013","Anton.Khudobin","BOS",14,"20122013",26,"0.800","0.875",92.03,92.63,29.08,802.6,98.35,91.35,81.55,31,358,389,3,179,9,95,19,84
"fleurma84-20142015","Marc-Andre.Fleury","PIT",64,"20142015",29,"5.750","5.000",92.03,93.04,29.11,3774.2,97.98,92.09,83.3,146,1685,1831,16,777,39,454,91,454
"pavelon87-20142015","Ondrej.Pavelec","WPG",50,"20142015",27,"3.750","3.900",92.02,92.95,28.63,2835.7,97.19,93.47,83.25,108,1245,1353,16,554,25,358,67,333
"greisth86-20132014","Thomas.Greiss","PHX",25,"20132014",27,"0.750","0.750",92.01,92.33,28.63,1311.8,95.04,91.76,87.04,50,576,626,14,268,15,167,21,141
"bishobe86-20122013","Ben.Bishop","OTT/T.B",22,"20122013",25,"0.650","0.650",92.01,92.33,33.38,1260.1,96.86,92.89,81.98,56,645,701,10,308,15,196,31,141
"kiprumi76-20092010","Miikka.Kiprusoff","CGY",72,"20092010",32,"7.000","5.833",92,92.88,28.95,4170.3,97.45,93.01,82.86,161,1851,2012,23,879,36,479,102,493
"montoal85-20132014","Al.Montoya","WPG",28,"20132014",28,"0.601","0.601",91.99,92.7,28.69,1541.2,95.94,92.86,85.52,59,678,737,13,307,14,182,32,189
"holtbbr89-20122013","Braden.Holtby","WSH",36,"20122013",22,"0.600","0.573",91.99,92.15,32.3,2085.8,95.81,92.26,84.12,90,1033,1123,23,526,23,274,44,233
"weekeke75-20082009","Kevin.Weekes","N.J",16,"20082009",33,"0.700","0.688",91.98,92.44,30.14,794.4,95.05,94.17,85.09,32,367,399,9,173,6,97,17,97
"yorkxal89-20112012","Allen.York","CBJ",11,"20112012",22,"0.688","0.713",91.96,91.46,28.64,416.9,95.73,97.5,76.19,16,183,199,5,112,1,39,10,32
"niemian83-20102011","Antti.Niemi","S.J",60,"20102011",27,"2.000","2.000",91.96,92.46,29.65,3523.2,97.07,91.25,83.69,140,1601,1741,24,794,40,417,76,390
"bryzgil80-20092010","Ilya.Bryzgalov","PHX",68,"20092010",29,"4.250","4.250",91.96,92.58,28.76,4020.6,96.81,93.31,82.73,155,1772,1927,27,820,37,516,91,436
"luongro79-20112012","Roberto.Luongo","VAN",55,"20112012",32,"6.716","5.333",91.95,93.07,29.93,3161.2,97.63,93.99,82.3,127,1450,1577,16,659,25,391,86,400
"khabini73-20082009","Nikolai.Khabibulin","CHI",42,"20082009",35,"6.750","6.750",91.95,92.72,29.02,2464.2,95.78,95.5,83.33,96,1096,1192,22,499,14,297,60,300
"backsni78-20112012","Niklas.Backstrom","MIN",46,"20112012",33,"6.000","6.000",91.92,92.63,30.13,2586.9,97.97,94.05,79.66,105,1194,1299,12,580,21,332,72,282
"vokouto76-20122013","Tomas.Vokoun","PIT",20,"20122013",36,"2.000","2.000",91.91,92.72,30.28,1028.4,97.06,94.62,81.46,42,477,519,7,231,7,123,28,123
"lehtoka83-20132014","Kari.Lehtonen","DAL",65,"20132014",29,"6.250","5.900",91.9,92.89,29.81,3800.3,96.92,92.27,84.82,153,1735,1888,23,723,45,537,85,475
"luongro79-20132014","Roberto.Luongo","VAN/FLA",56,"20132014",34,"6.714","5.333",91.89,92.34,29.63,3219.9,97.31,92.86,81.07,129,1461,1590,20,724,31,403,78,334
"gigueje77-20112012","Jean-Sebastien.Giguere","COL",32,"20112012",34,"1.250","1.250",91.88,92.52,28.05,1818.2,97.72,90.54,83.26,69,781,850,9,386,21,201,39,194
"hillejo82-20082009","Jonas.Hiller","ANA",46,"20082009",26,"1.300","1.300",91.87,92.6,29.41,2482.9,98.06,91.5,81.92,99,1118,1217,11,557,26,280,62,281
"enrotjh88-20122013","Jhonas.Enroth","BUF",12,"20122013",24,"0.725","0.675",91.87,92.21,31.99,622.7,95.51,92.05,85.23,27,305,332,7,149,7,81,13,75
"peterju86-20132014","Justin.Peters","CAR",21,"20132014",27,"0.550","0.537",91.85,92.8,30.66,1224.9,98.17,94.32,79.66,51,575,626,5,268,10,166,36,141
"johnsch86-20092010","Chad.Johnson","NYR",5,"20092010",23,"0.640","0.660",91.85,92.09,28.93,280,94.34,93.62,85.71,11,124,135,3,50,3,44,5,30
"millery80-20132014","Ryan.Miller","BUF/STL",59,"20132014",33,"6.250","6.250",91.83,92.76,32.34,3497.7,98.03,91.91,82.23,154,1731,1885,16,796,44,500,94,435
"hillejo82-20092010","Jonas.Hiller","ANA",59,"20092010",27,"1.300","1.300",91.83,92.67,33.47,3334.2,95.79,93.22,85.38,152,1708,1860,34,774,31,426,87,508
"varlase88-20082009","Semyon.Varlamov","WSH",6,"20082009",20,"0.850","0.822",91.82,93.24,29.06,328.3,97.18,97.22,80.77,13,146,159,2,69,1,35,10,42
"millery80-20082009","Ryan.Miller","BUF",59,"20082009",28,"3.500","2.667",91.82,92.5,30.91,3441.3,96.21,92.95,84.05,145,1628,1773,30,761,33,435,82,432
"vasilan94-20142015","Andrei.Vasilevskiy","T.B",16,"20142015",20,"0.925","0.925",91.81,92.52,28.86,862.8,94.94,89.55,90.24,34,381,415,8,150,14,120,12,111
"berrare87-20142015","Reto.Berra","COL",19,"20142015",27,"1.400","1.450",91.81,93.01,32.3,748.6,97.56,92.98,83.2,33,370,403,4,160,8,106,21,104
"raskxtu87-20102011","Tuukka.Rask","BOS",29,"20102011",23,"1.000","1.250",91.8,92.7,32.64,1592.1,96.51,93.63,83.53,71,795,866,12,332,17,250,42,213
"mrazepe92-20142015","Petr.Mrazek","DET",29,"20142015",22,"0.550","0.595",91.79,92.24,29.05,1583.9,96.81,91.7,82.9,63,704,767,11,334,19,210,33,160
"hillejo82-20142015","Jonas.Hiller","CGY",52,"20142015",32,"4.500","4.500",91.79,92.55,28.76,2870.3,96.84,91.36,84.48,113,1263,1376,19,582,33,349,61,332
"fleurma84-20102011","Marc-Andre.Fleury","PIT",65,"20102011",25,"5.500","5.000",91.79,92.98,28.3,3693.9,97.47,94.13,82.12,143,1599,1742,19,732,26,417,98,450
"bobrose88-20142015","Sergei.Bobrovsky","CBJ",51,"20142015",25,"6.250","5.625",91.79,92.14,32.72,2992.5,96.52,93.62,81.2,134,1498,1632,26,721,30,440,78,337
"quickjo86-20102011","Jonathan.Quick","L.A",61,"20102011",24,"1.900","1.800",91.78,92.23,27.28,3587.9,96.1,91.54,84.54,134,1497,1631,29,714,39,422,66,361
"hedbejo73-20112012","Johan.Hedberg","N.J",27,"20112012",38,"1.250","1.250",91.78,92.59,27.11,1589.3,97.2,92.06,83.17,59,659,718,9,312,15,174,35,173
"quickjo86-20142015","Jonathan.Quick","L.A",72,"20142015",28,"7.000","5.800",91.77,92.39,27.21,4181.5,97.35,92.05,82.03,156,1740,1896,23,845,41,475,92,420
"svedbni89-20142015","Niklas.Svedberg","BOS",18,"20142015",25,"0.600","0.600",91.76,92.93,28.34,899.9,97.02,93.55,83.46,35,390,425,5,163,8,116,22,111
"hardijo84-20112012","Josh.Harding","MIN",34,"20112012",27,"0.750","0.750",91.74,92.57,31.76,1853.3,97.51,93.51,80.94,81,900,981,11,430,17,245,53,225
"clemmsc77-20082009","Scott.Clemmensen","N.J",40,"20082009",31,"0.500","0.500",91.74,92.18,29.02,2353.2,97.38,92.93,80.2,94,1044,1138,14,520,22,289,58,235
"masonst88-20132014","Steve.Mason","PHI",61,"20132014",25,"1.500","1.500",91.72,91.86,30.16,3483.4,96.15,94.5,79.95,145,1606,1751,32,799,27,464,86,343
"crawfco84-20102011","Corey.Crawford","CHI",57,"20102011",25,"0.850","0.800",91.72,92.54,27.79,3335.8,96.33,93.77,83.12,128,1417,1545,25,657,25,376,78,384
"rinnepe82-20082009","Pekka.Rinne","NSH",52,"20082009",25,"0.575","0.547",91.71,92.66,28.76,2994,97.2,93.37,82.14,119,1316,1435,17,591,27,380,75,345
"budajpe82-20092010","Peter.Budaj","COL",15,"20092010",26,"1.250","1.250",91.71,92.38,31.88,726.4,97.06,93.69,80.95,32,354,386,5,165,7,104,20,85
"vokouto76-20112012","Tomas.Vokoun","WSH",48,"20112012",35,"1.500","1.500",91.69,92.17,30.2,2581.2,97.31,94.74,78.49,108,1191,1299,17,615,17,306,74,270
"theodjo76-20112012","Jose.Theodore","FLA",53,"20112012",35,"1.500","1.500",91.68,92.2,29.57,3047.4,95.93,92.29,84.07,125,1377,1502,29,683,28,335,68,359
"macdojo80-20102011","Joey.MacDonald","DET",15,"20102011",30,"0.550","0.550",91.67,92.36,31,720.1,96.3,97.14,79.05,31,341,372,6,156,3,102,22,83
"enrotjh88-20112012","Jhonas.Enroth","BUF",26,"20112012",23,"0.625","0.675",91.67,92.08,32.44,1398.4,96,92.27,83.42,63,693,756,14,336,16,191,33,166
"bironma77-20122013","Martin.Biron","NYR",6,"20122013",35,"1.300","1.300",91.67,92.51,27.88,335.7,97.01,88.64,86.67,13,143,156,2,65,5,39,6,39
"andercr81-20092010","Craig.Anderson","COL",71,"20092010",28,"1.500","1.812",91.67,92.5,31.65,4233.5,97.52,91.82,82.32,186,2047,2233,25,982,48,539,113,526
"masonch76-20082009","Chris.Mason","STL",57,"20082009",32,"3.000","3.000",91.65,92.23,28.85,3211.1,96.23,91.6,84.2,129,1415,1544,25,638,40,436,64,341
"elliobr85-20142015","Brian.Elliott","STL",46,"20142015",29,"2.300","2.500",91.65,91.96,27.12,2544.2,96.53,93.91,80.14,96,1054,1150,18,500,21,324,57,230
"crawfco84-20132014","Corey.Crawford","CHI",59,"20132014",28,"2.500","2.667",91.65,92.08,27.12,3391.6,96.29,89.77,85.3,128,1405,1533,27,700,40,351,61,354
"bouchbr77-20082009","Brian.Boucher","S.J",22,"20082009",31,"0.650","0.650",91.65,92.23,26.18,1290.2,94.84,94.48,84.34,47,516,563,13,239,8,137,26,140
"priceca87-20112012","Carey.Price","MTL",65,"20112012",24,"3.000","2.750",91.64,92.49,29.16,3937.7,97.3,90.87,83.72,160,1754,1914,23,828,46,458,91,468
"lundqhe82-20082009","Henrik.Lundqvist","NYR",70,"20082009",26,"7.750","6.875",91.63,92.86,29.03,4147.6,97.63,93.25,82.16,168,1839,2007,19,784,40,553,109,502
"masonst88-20122013","Steve.Mason","CBJ/PHI",20,"20122013",24,"3.200","2.900",91.62,91.94,30.92,1088.7,96.9,92.73,80.43,47,514,561,8,250,12,153,27,111
"lehtoka83-20122013","Kari.Lehtonen","DAL",36,"20122013",28,"4.250","3.550",91.62,92.99,31.73,1985.6,97.23,94.05,82.76,88,962,1050,12,421,16,253,60,288
"brodema72-20092010","Martin.Brodeur","N.J",77,"20092010",37,"5.200","5.200",91.62,92.07,26.75,4495.7,95.74,91.82,84.39,168,1836,2004,39,877,45,505,84,454
"millery80-20112012","Ryan.Miller","BUF",61,"20112012",31,"6.250","6.250",91.61,92.5,30.36,3533.4,96.69,91.68,84.25,150,1638,1788,25,731,42,463,83,444
"brodema72-20082009","Martin.Brodeur","N.J",31,"20082009",36,"5.200","5.200",91.61,92.62,28.81,1811.9,97.7,92.66,81.61,73,797,870,9,382,16,202,48,213
"millery80-20102011","Ryan.Miller","BUF",66,"20102011",30,"6.250","6.250",91.6,92.51,30.81,3824.3,95.91,94.97,82.7,165,1799,1964,33,773,28,529,104,497
"kuempda90-20122013","Darcy.Kuemper","MIN",6,"20122013",22,"0.740","0.777",91.6,92.32,24.77,288.2,96.55,91.3,84.21,10,109,119,2,56,2,21,6,32
"fleurma84-20122013","Marc-Andre.Fleury","PIT",33,"20122013",27,"5.500","5.000",91.6,92.47,28.46,1857.3,98.03,91.89,81.03,74,807,881,8,398,18,204,48,205
"bishobe86-20142015","Ben.Bishop","T.B",62,"20142015",27,"2.400","2.300",91.6,92.49,27.65,3515.3,96.77,91.94,83.78,136,1484,1620,23,688,34,388,79,408
"theodjo76-20102011","Jose.Theodore","MIN",32,"20102011",34,"1.100","1.100",91.59,92.35,32.26,1791.1,97.32,93.45,80.53,81,882,963,11,400,19,271,51,211
"wardxca84-20082009","Cam.Ward","CAR",68,"20082009",24,"2.500","2.667",91.58,92.47,29.05,3926.7,97.38,91.81,82.51,160,1741,1901,21,780,47,527,92,434
"smithmi82-20082009","Mike.Smith","T.B",41,"20082009",26,"0.950","0.950",91.58,91.98,31.16,2468.2,96.5,92.57,81.63,108,1174,1282,21,579,26,324,61,271
"dubnyde86-20102011","Devan.Dubnyk","EDM",35,"20102011",24,"0.800","0.800",91.57,92.65,32.13,2059.5,97.86,92.01,82.04,93,1010,1103,10,457,25,288,58,265
"bouchbr77-20102011","Brian.Boucher","PHI",34,"20102011",33,"0.925","0.925",91.57,91.88,28.73,1883.6,95.04,91.39,85.53,76,826,902,21,402,21,223,34,201
"backsni78-20102011","Niklas.Backstrom","MIN",51,"20102011",32,"6.000","6.000",91.57,92.28,31.59,2974.7,96.83,92.05,82.68,132,1434,1566,22,671,35,405,75,358
"thomati74-20092010","Tim.Thomas","BOS",42,"20092010",35,"6.000","5.000",91.56,92.53,30.13,2381.6,97.9,92.4,81.05,101,1095,1196,11,513,25,304,65,278
"masonst88-20082009","Steve.Mason","CBJ",61,"20082009",20,"0.850","0.850",91.56,92.28,27.19,3658.3,96.54,92.79,82.56,140,1518,1658,26,726,31,399,83,393
"quickjo86-20132014","Jonathan.Quick","L.A",49,"20132014",27,"7.000","5.800",91.55,92.51,24.45,2903.6,97.77,92.98,80.69,100,1083,1183,12,525,21,278,67,280
"fleurma84-20132014","Marc-Andre.Fleury","PIT",64,"20132014",28,"5.750","5.000",91.54,92.1,28.08,3791,96.95,91.02,82.7,150,1624,1774,25,796,43,436,82,392
"greisth86-20112012","Thomas.Greiss","S.J",19,"20112012",25,"0.550","0.588",91.53,91.66,27.15,1043.2,94.83,93.44,83.05,40,432,472,12,220,8,114,20,98
"hedbejo73-20092010","Johan.Hedberg","ATL",47,"20092010",36,"1.087","1.087",91.52,92.75,30.94,2630,96.69,93.24,83.75,115,1241,1356,18,525,25,345,72,371
"wardxca84-20112012","Cam.Ward","CAR",68,"20112012",27,"6.300","6.300",91.51,92.25,32.27,3984.4,96.83,92.96,81.64,182,1961,2143,31,948,39,515,112,498
"scrivbe86-20122013","Ben.Scrivens","TOR",20,"20122013",26,"0.600","0.613",91.51,91.62,31.75,1024.2,96.65,94.33,78.03,46,496,542,9,260,8,133,29,103
"smithmi82-20132014","Mike.Smith","PHX",62,"20132014",31,"4.000","5.667",91.5,92.32,31.12,3607.3,96.4,89.84,85.97,159,1712,1871,29,777,51,451,79,484
"rolosdw69-20082009","Dwayne.Roloson","EDM",63,"20082009",38,"3.000","3.667",91.5,92.36,32.61,3593.2,97.28,91.56,82.51,166,1787,1953,23,824,47,510,96,453
"millery80-20122013","Ryan.Miller","BUF",40,"20122013",32,"6.250","6.250",91.5,92.62,33.12,2300.7,96.6,91.91,84.71,108,1162,1270,17,483,30,341,61,338
"greisth86-20122013","Thomas.Greiss","S.J",6,"20122013",26,"0.625","0.588",91.5,91.83,29.8,308.1,94.03,85.71,93.18,13,140,153,4,63,6,36,3,41
"bironma77-20082009","Martin.Biron","PHI",55,"20082009",31,"3.500","3.500",91.5,91.97,32.47,3174.7,97.34,92.87,79.45,146,1572,1718,21,768,35,456,90,348
"lindban88-20102011","Anders.Lindback","NSH",22,"20102011",22,"0.637","0.688",91.49,92.61,30.59,1129.9,97.96,90.62,83.04,49,527,576,5,240,15,145,29,142
"bobrose88-20102011","Sergei.Bobrovsky","PHI",54,"20102011",21,"0.900","0.900",91.49,92.23,30.38,3015.4,96.26,91.08,84.68,130,1397,1527,25,643,37,378,68,376
"wardxca84-20092010","Cam.Ward","CAR",46,"20092010",25,"3.500","2.667",91.47,92.79,31.84,2583.4,97.03,94.13,82.27,117,1254,1371,16,523,23,369,78,362
"niemian83-20112012","Antti.Niemi","S.J",68,"20112012",28,"3.200","3.800",91.47,92.01,28.46,3932.5,96.71,92.03,81.82,159,1706,1865,29,853,38,439,92,414
"kinkake89-20142015","Keith.Kinkaid","N.J",19,"20142015",25,"0.600","0.600",91.47,91.68,30.46,923.8,95.09,90.77,85.22,40,429,469,11,213,12,118,17,98
"holtbbr89-20132014","Braden.Holtby","WSH",48,"20132014",23,"1.700","1.850",91.46,91.87,33.35,2653.6,96.29,90.95,83.24,126,1349,1475,25,649,39,392,62,308
"halakja85-20082009","Jaroslav.Halak","MTL",34,"20082009",23,"0.750","0.775",91.46,92.51,33.49,1929.7,97.31,91.77,82.86,92,985,1077,12,434,26,290,54,261
"kuempda90-20132014","Darcy.Kuemper","MIN",26,"20132014",23,"0.900","0.777",91.45,91.47,28.46,1480.2,97.42,90.21,79.87,60,642,702,9,340,19,175,32,127
"dubnyde86-20112012","Devan.Dubnyk","EDM",47,"20112012",25,"0.800","0.800",91.45,92.46,31.23,2651.5,95.58,93.28,84.9,118,1262,1380,25,541,24,333,69,388
"niemian83-20142015","Antti.Niemi","S.J",61,"20142015",31,"4.000","3.800",91.44,92.21,30.3,3586.2,96.78,93.1,81.45,155,1656,1811,27,812,31,418,97,426
"lehtoka83-20102011","Kari.Lehtonen","DAL",69,"20102011",26,"2.700","3.550",91.43,92.02,29.77,4117.6,96.07,92.82,82.49,175,1868,2043,35,855,43,556,97,457
"anderfr89-20142015","Frederik.Andersen","ANA",54,"20142015",24,"1.000","1.150",91.43,91.96,27.75,3104.7,96.15,92.35,82.53,123,1313,1436,26,649,28,338,69,326
"quickjo86-20082009","Jonathan.Quick","L.A",44,"20082009",22,"0.550","0.560",91.42,91.86,28.88,2493,95.42,93.04,82.97,103,1097,1200,24,500,25,334,54,263
"ellisda80-20142015","Dan.Ellis","FLA",8,"20142015",34,"1.000","0.900",91.4,91.42,27.26,486.4,91.89,94.55,87.27,19,202,221,9,102,3,52,7,48
"halakja85-20142015","Jaroslav.Halak","NYI",59,"20142015",29,"3.500","4.500",91.39,92.36,28.29,3548.3,95.59,91.51,86.21,144,1529,1673,29,629,40,431,75,469
"gibsojo93-20142015","John.Gibson","ANA",23,"20142015",21,"0.787","0.722",91.39,91.72,30.2,1339.1,98.51,89.35,79.41,58,616,674,5,330,18,151,35,135
"andercr81-20112012","Craig.Anderson","OTT",63,"20112012",30,"2.750","3.188",91.39,92.22,32.97,3489.1,97.12,91.89,81.98,165,1752,1917,25,844,40,453,100,455
"pavelon87-20102011","Ondrej.Pavelec","ATL",58,"20102011",23,"1.000","1.150",91.38,92.42,31.75,3222.4,97.24,93.08,81.35,147,1558,1705,20,704,33,444,94,410
"neuvimi88-20142015","Michal.Neuvirth","BUF/NYI",32,"20142015",26,"2.600","2.500",91.38,92.19,34.63,1848.7,97.2,90.68,82.88,92,975,1067,13,451,29,282,50,242
"neuvimi88-20092010","Michal.Neuvirth","WSH",17,"20092010",21,"0.850","0.822",91.38,92.12,31.94,871.7,97,94.16,79.53,40,424,464,6,194,8,129,26,101
"nabokev75-20112012","Evgeni.Nabokov","NYI",42,"20112012",36,"0.570","0.570",91.38,92,29.57,2377.7,96.05,92.36,82.87,101,1071,1172,21,510,24,290,56,271
"hutchmi90-20142015","Michael.Hutchinson","WPG",38,"20142015",24,"0.550","0.575",91.38,92.03,27.68,2137,96.67,91.67,82.35,85,901,986,15,435,22,242,48,224
"auldxal81-20102011","Alex.Auld","MTL",16,"20102011",29,"1.000","1.000",91.38,92.6,30.72,748.1,97.01,93.55,82.11,33,350,383,5,162,6,87,22,101
"mcelhcu83-20142015","Curtis.McElhinney","CBJ",32,"20142015",31,"0.650","0.650",91.36,92.15,33.29,1710.3,97.29,91.81,81.39,82,867,949,12,431,19,213,51,223
"rolosdw69-20102011","Dwayne.Roloson","NYI/T.B",54,"20102011",40,"3.000","2.500",91.35,92.1,29.95,3196.8,96.91,91.76,82.06,138,1458,1596,22,691,36,401,80,366
"fleurma84-20112012","Marc-Andre.Fleury","PIT",67,"20112012",26,"5.500","5.000",91.35,92.93,27.24,3894,98.21,92.83,81.62,153,1615,1768,13,713,33,427,107,475
"budajpe82-20112012","Peter.Budaj","MTL",17,"20112012",28,"1.100","1.150",91.34,92.21,29.45,1035.1,96.96,93.89,80.27,44,464,508,7,223,8,123,29,118
"clemmsc77-20112012","Scott.Clemmensen","FLA",30,"20112012",34,"1.500","1.200",91.33,91.32,29.64,1564.9,95.24,92.17,82.02,67,706,773,18,360,17,200,32,146
"lehnero91-20132014","Robin.Lehner","OTT",36,"20132014",22,"0.810","0.870",91.32,91.86,35.24,1942.5,96.64,90.91,82.47,99,1042,1141,18,518,27,270,54,254
"allenja90-20142015","Jake.Allen","STL",37,"20142015",24,"0.850","0.800",91.31,91.99,26.26,2076.6,95.61,91.32,84.82,79,830,909,17,370,23,242,39,218
"varlase88-20112012","Semyon.Varlamov","COL",53,"20112012",23,"2.500","2.833",91.3,92.3,29.81,3148.3,97.34,92.95,80.77,136,1428,1564,19,694,27,356,90,378
"masonch76-20092010","Chris.Mason","STL",61,"20092010",33,"3.000","3.000",91.29,92.08,29.05,3510.8,96.55,92.62,81.89,148,1552,1700,26,727,34,427,88,398
"greisth86-20092010","Thomas.Greiss","S.J",15,"20092010",23,"0.550","0.550",91.29,92.49,31.42,723.7,97.45,89,85.25,33,346,379,4,153,11,89,18,104
"turcoma75-20092010","Marty.Turco","DAL",53,"20092010",34,"5.400","5.700",91.28,91.96,31.21,3085.8,96.3,93.41,81.15,140,1465,1605,27,702,28,397,85,366
"luongro79-20092010","Roberto.Luongo","VAN",68,"20092010",30,"7.500","6.750",91.28,92.37,29.49,3896.4,97.22,92.65,81.63,167,1748,1915,22,769,41,517,104,462
"gigueje77-20132014","Jean-Sebastien.Giguere","COL",22,"20132014",36,"1.500","1.500",91.28,92.53,30.12,1211,96.81,96.43,79.37,53,555,608,8,243,6,162,39,150
"niemian83-20132014","Antti.Niemi","S.J",64,"20132014",30,"4.000","3.800",91.27,91.96,27.39,3737.3,97.15,89.94,82.75,149,1557,1706,22,749,48,429,79,379
"andercr81-20102011","Craig.Anderson","COL/OTT",51,"20102011",29,"2.125","1.812",91.27,91.98,32.39,2863.8,97.19,94.91,77.8,135,1411,1546,19,656,23,429,93,326
"hillejo82-20122013","Jonas.Hiller","ANA",26,"20122013",30,"4.500","4.500",91.26,92,27.04,1497.6,94.34,94.44,84.51,59,616,675,18,300,8,136,33,180
"bernijo88-20102011","Jonathan.Bernier","L.A",25,"20102011",22,"0.765","0.793",91.26,91.8,28.41,1376.9,96.54,93.23,80.12,57,595,652,10,279,13,179,34,137
"hedbejo73-20102011","Johan.Hedberg","N.J",34,"20102011",37,"1.000","1.000",91.25,91.96,27.15,1717.1,96.37,92.93,81.45,68,709,777,13,345,14,184,41,180
"zatkoje87-20132014","Jeff.Zatkoff","PIT",20,"20132014",26,"0.550","0.537",91.24,91.92,29.82,1170.9,97.75,89.44,81.82,51,531,582,6,261,17,144,28,126
"priceca87-20092010","Carey.Price","MTL",41,"20092010",22,"0.850","0.850",91.24,91.75,31.66,2357.2,97.23,92.98,78.7,109,1135,1244,16,562,24,318,69,255
"niittan80-20082009","Antero.Niittymaki","PHI",32,"20082009",28,"1.375","1.225",91.24,91.84,31.49,1804.3,96.83,92.34,80.54,83,864,947,14,428,19,229,50,207
"niemian83-20092010","Antti.Niemi","CHI",39,"20092010",26,"0.827","0.827",91.24,92.14,25.65,2189.7,95.75,93.15,83.33,82,854,936,17,383,17,231,48,240
"fleurma84-20082009","Marc-Andre.Fleury","PIT",62,"20082009",23,"3.500","5.000",91.24,92.07,30.5,3639.1,97.02,93.01,80.43,162,1688,1850,23,749,40,532,99,407
"bernijo88-20142015","Jonathan.Bernier","TOR",58,"20142015",26,"3.400","2.900",91.24,92.19,32.79,3174.7,96.1,91.8,84.12,152,1583,1735,28,690,40,448,84,445
"neuvimi88-20102011","Michal.Neuvirth","WSH",47,"20102011",22,"0.765","0.822",91.23,92.01,28.64,2627,96.59,91.45,82.68,110,1144,1254,19,538,29,310,62,296
"macdojo80-20112012","Joey.MacDonald","DET",14,"20112012",31,"0.550","0.550",91.21,92.52,24.59,805.1,98.72,97.4,74.23,29,301,330,2,154,2,75,25,72
"lindban88-20112012","Anders.Lindback","NSH",16,"20112012",23,"0.738","0.688",91.21,92.09,27.61,791.1,95.93,93.75,82.14,32,332,364,7,165,5,75,20,92
"irvinle88-20112012","Leland.Irving","CGY",7,"20112012",23,"0.600","0.600",91.21,91.97,36.37,394.3,97,90,83.05,21,218,239,3,97,8,72,10,49
"ramoxka86-20142015","Karri.Ramo","CGY",34,"20142015",28,"2.900","2.750",91.2,92.3,29.51,1732.1,96.94,91.7,82.89,75,777,852,11,349,19,210,45,218
"tellqmi79-20082009","Mikael.Tellqvist","PHX/BUF",21,"20082009",28,"0.800","0.800",91.18,91.74,31.26,1023.1,97.24,93.43,78.17,47,486,533,7,247,9,128,31,111
"clemmsc77-20092010","Scott.Clemmensen","FLA",23,"20092010",32,"1.000","1.200",91.17,92.23,32.99,1214.8,97.1,89.85,84.1,59,609,668,8,268,20,177,31,164
"lackxed88-20132014","Eddie.Lack","VAN",41,"20132014",25,"0.850","0.750",91.16,91.77,27.22,2318.6,96.38,92.33,81.27,93,959,1052,17,452,23,277,53,230
"labarja80-20112012","Jason.Labarbera","PHX",19,"20112012",31,"1.200","1.250",91.15,91.46,28.8,1012.5,94.85,92.8,82.81,43,443,486,12,221,9,116,22,106
"auldxal81-20082009","Alex.Auld","OTT",43,"20082009",27,"1.000","1.000",91.15,92.09,27.97,2447.3,96.14,90.5,84.91,101,1040,1141,18,448,32,305,51,287
"sanfocu79-20112012","Curtis.Sanford","CBJ",36,"20112012",31,"0.600","0.600",91.14,91.36,29.45,1978.3,96.11,94.36,78.1,86,885,971,18,445,15,251,53,189
"lehtoka83-20092010","Kari.Lehtonen","DAL",12,"20092010",25,"3.000","3.000",91.14,93.03,31.75,661.5,99.25,93.33,79.28,31,319,350,1,133,7,98,23,88
"dominlo92-20142015","Louis.Domingue","ARI",7,"20142015",22,"0.550","0.578",91.14,92.25,30.78,308,98.57,87.5,83.33,14,144,158,1,69,5,35,8,40
"enrotjh88-20132014","Jhonas.Enroth","BUF",28,"20132014",25,"1.250","1.250",91.13,91.97,31.79,1574.1,96.02,89.92,85.25,74,760,834,14,338,24,214,36,208
"clemmsc77-20102011","Scott.Clemmensen","FLA",31,"20102011",33,"1.100","1.200",91.13,91.7,29.52,1695.3,97.64,92.44,78.14,74,760,834,9,372,18,220,47,168
"ramoxka86-20132014","Karri.Ramo","CGY",40,"20132014",27,"2.600","2.750",91.12,92.05,29.89,2192,96.41,91.72,82.98,97,995,1092,17,456,24,266,56,273
"ellisda80-20112012","Dan.Ellis","ANA",10,"20112012",31,"1.500","1.500",91.12,91.72,30.71,418.1,95.1,91.3,84.85,19,195,214,5,97,4,42,10,56
"rinnepe82-20092010","Pekka.Rinne","NSH",58,"20092010",26,"0.725","0.725",91.11,92.09,28.52,3242.3,97.51,93.29,79.19,137,1404,1541,17,665,28,389,92,350
"raycran80-20092010","Andrew.Raycroft","VAN",21,"20092010",29,"0.500","0.500",91.1,92.4,27.21,965.9,97.75,89.76,83.46,39,399,438,4,174,13,114,22,111
"hillejo82-20132014","Jonas.Hiller","ANA",50,"20132014",31,"4.500","4.500",91.1,92.11,27.86,2905.4,96.97,91.33,82.4,120,1229,1349,18,576,30,316,72,337
"millery80-20142015","Ryan.Miller","VAN",45,"20142015",34,"6.000","6.000",91.08,91.76,28.33,2539.6,96.07,88.12,86.09,107,1092,1199,21,513,38,282,48,297
"andercr81-20132014","Craig.Anderson","OTT",53,"20132014",32,"3.500","3.188",91.08,91.51,33.64,2998,96.72,92.57,79.19,150,1531,1681,27,795,31,386,92,350
"gustajo84-20142015","Jonas.Gustavsson","DET",7,"20142015",29,"1.850","1.850",91.07,90.78,28.73,350.8,97.37,98.11,69.23,15,153,168,2,74,1,52,12,27
"bachmri87-20142015","Richard.Bachman","EDM",6,"20142015",27,"0.615","0.615",91.07,92.41,31.82,316.8,98.59,89.13,82.35,15,153,168,1,70,5,41,9,42
"reimeja88-20132014","James.Reimer","TOR",36,"20132014",25,"1.600","1.800",91.05,91.68,36.86,1782.4,96.97,89.87,82.04,98,997,1095,15,480,32,284,51,233
"lehtoka83-20082009","Kari.Lehtonen","ATL",46,"20082009",24,"3.000","3.000",91.05,92.3,34.29,2621.2,97.25,92.6,81.3,134,1364,1498,17,602,31,388,86,374
"wardxca84-20142015","Cam.Ward","CAR",51,"20142015",30,"6.700","6.300",91.04,91.83,26.8,3024.8,97.39,91.85,79.78,121,1230,1351,16,596,30,338,75,296
"smithmi82-20122013","Mike.Smith","PHX",34,"20122013",30,"2.000","2.000",91.04,91.9,28.77,1956,95.72,89.52,86.01,84,854,938,17,380,26,222,41,252
"howarji84-20142015","Jimmy.Howard","DET",53,"20142015",30,"6.000","5.292",91.04,91.42,27.28,2968.8,96.61,91.24,80.4,121,1229,1350,22,627,31,323,68,279
"halakja85-20102011","Jaroslav.Halak","STL",57,"20102011",25,"2.750","3.750",91.04,92.06,27.68,3290.5,96,92.2,83.4,136,1382,1518,25,600,33,390,78,392
"raycran80-20102011","Andrew.Raycroft","DAL",19,"20102011",30,"0.700","0.650",91.03,92.45,31.58,847.4,98.48,92.59,79.29,40,406,446,3,195,8,100,29,111
"howarji84-20132014","Jimmy.Howard","DET",51,"20132014",29,"5.500","5.292",91.03,91.88,29.65,2999.3,96.63,90.48,83.02,133,1349,1482,22,631,38,361,73,357
"khabini73-20112012","Nikolai.Khabibulin","EDM",40,"20112012",38,"3.750","3.750",91.02,92.52,29.6,2258.2,96.36,94.54,82.2,100,1014,1114,16,423,16,277,68,314
"fernama74-20082009","Manny.Fernandez","BOS",28,"20082009",34,"4.750","4.333",91.02,92.46,28.88,1643.2,97.06,92.11,82.88,71,720,791,9,297,18,210,44,213
"rinnepe82-20122013","Pekka.Rinne","NSH",43,"20122013",29,"7.000","7.000",91.01,91.37,27.04,2443.4,96.72,90.91,80.29,99,1002,1101,17,502,28,280,54,220
"neuvimi88-20122013","Michal.Neuvirth","WSH",13,"20122013",24,"1.150","1.150",91.01,91.27,30.46,722.9,96.39,92.11,79.38,33,334,367,7,187,6,70,20,77
"danisya81-20082009","Yann.Danis","NYI",31,"20082009",27,"0.550","0.550",91,92.22,31.83,1758.7,96.64,91.44,83.45,84,849,933,12,345,25,267,47,237
"bachmri87-20112012","Richard.Bachman","DAL",18,"20112012",24,"0.550","0.550",90.99,91.25,30.69,932.6,93.69,92.97,84.25,43,434,477,14,208,9,119,20,107
"nabokev75-20082009","Evgeni.Nabokov","S.J",62,"20082009",33,"5.500","5.375",90.98,91.98,27.08,3684.1,96.44,92.49,81.82,150,1513,1663,26,705,32,394,92,414
"tokardu89-20142015","Dustin.Tokarski","MTL",17,"20142015",24,"0.550","0.562",90.96,91.64,30.4,1004.5,97.84,93.01,76.87,46,463,509,5,227,10,133,31,103
"nabokev75-20122013","Evgeni.Nabokov","NYI",41,"20122013",37,"2.750","2.750",90.96,92.1,27.62,2474.2,96.56,91.33,83.23,103,1036,1139,15,421,32,337,56,278
"varlase88-20092010","Semyon.Varlamov","WSH",26,"20092010",21,"0.850","0.822",90.95,91.09,28.2,1527.7,92.46,91.7,87.5,65,653,718,23,282,19,210,23,161
"mcelhcu83-20132014","Curtis.McElhinney","CBJ",29,"20132014",30,"0.600","0.600",90.95,90.87,29.69,1428.9,97.22,88.89,79.11,64,643,707,10,350,21,168,33,125
"huttoca85-20132014","Carter.Hutton","NSH",40,"20132014",27,"0.550","0.550",90.95,91.25,28.96,2084.2,97.88,90.07,78.11,91,915,1006,10,461,30,272,51,182
"bishobe86-20112012","Ben.Bishop","OTT",10,"20112012",24,"0.600","0.600",90.95,91.23,27.44,531.3,97.52,83.87,85,22,221,243,3,118,10,52,9,51
"labarja80-20102011","Jason.Labarbera","PHX",17,"20102011",30,"1.000","1.000",90.93,92.11,35.97,882.5,96.57,91.57,83.02,48,481,529,7,197,14,152,27,132
"bryzgil80-20112012","Ilya.Bryzgalov","PHI",60,"20112012",31,"10.000","5.667",90.93,91.73,27.32,3413.5,97.21,91.41,80.23,141,1413,1554,20,698,34,362,87,353
"ellisda80-20092010","Dan.Ellis","NSH",31,"20092010",29,"2.000","1.750",90.92,91.95,29.7,1713.3,97.22,91.53,80.99,77,771,848,11,385,16,173,50,213
"conklty76-20082009","Ty.Conklin","DET",39,"20082009",32,"0.750","0.750",90.91,91.65,27.55,2180.1,96.17,89.74,83.8,91,910,1001,17,427,28,245,46,238
"bryzgil80-20132014","Ilya.Bryzgalov","EDM/MIN",32,"20132014",33,"8.000","5.667",90.91,91.7,29.49,1812.9,96,91.23,82.89,81,810,891,16,384,20,208,45,218
"huetxcr75-20082009","Cristobal.Huet","CHI",41,"20082009",33,"5.625","5.625",90.89,92.46,27.77,2348.5,97.42,94.32,79.89,99,988,1087,12,453,15,249,72,286
"budajpe82-20132014","Peter.Budaj","MTL",24,"20132014",30,"1.400","1.400",90.89,91.63,27.6,1337.1,97.32,91.84,79.11,56,559,615,7,254,16,180,33,125
"hillejo82-20112012","Jonas.Hiller","ANA",72,"20112012",29,"4.500","4.500",90.88,91.76,28.46,4183.1,95.95,90.28,84.2,181,1803,1984,36,852,45,418,100,533
"budajpe82-20122013","Peter.Budaj","MTL",13,"20122013",29,"1.200","1.150",90.88,91,25.04,656.5,94.7,94.59,79.41,25,249,274,7,125,4,70,14,54
"khabini73-20092010","Nikolai.Khabibulin","EDM",18,"20092010",36,"3.750","3.750",90.86,91.68,33.2,1087.8,96.35,91.45,81.82,55,547,602,10,264,13,139,32,144
"bernijo88-20112012","Jonathan.Bernier","L.A",16,"20112012",23,"0.975","1.250",90.86,91.64,25.83,889.8,98.29,89.72,79.21,35,348,383,3,172,11,96,21,80
"backsni78-20122013","Niklas.Backstrom","MIN",42,"20122013",34,"6.000","6.000",90.86,91.51,27.18,2366.4,96.91,90.73,80.63,98,974,1072,15,471,28,274,55,229
"lindban88-20142015","Anders.Lindback","DAL/BUF",26,"20142015",26,"0.925","0.925",90.85,91.39,34.03,1407,96.63,93.19,78.26,73,725,798,12,344,16,219,45,162
"johnsbr77-20082009","Brent.Johnson","WSH",21,"20082009",31,"0.825","0.812",90.85,91.24,30.71,1131.1,95.45,89.6,83.8,53,526,579,12,252,18,155,23,119
"theodjo76-20092010","Jose.Theodore","WSH",46,"20092010",33,"4.500","4.500",90.84,92.26,31.15,2523.2,96.55,92.27,82.98,120,1190,1310,17,476,30,358,73,356
"greisth86-20142015","Thomas.Greiss","PIT",20,"20142015",28,"1.000","1.000",90.84,91.66,28.27,1158.9,96.28,91.16,82.17,50,496,546,9,233,13,134,28,129
"gigueje77-20122013","Jean-Sebastien.Giguere","COL",18,"20122013",35,"1.250","1.250",90.83,91.53,31.03,906.8,96.28,93.55,79.23,43,426,469,8,207,8,116,27,103
"howarji84-20102011","Jimmy.Howard","DET",63,"20102011",26,"0.800","0.717",90.82,91.68,30.38,3614.2,96.81,90.41,81.87,168,1662,1830,26,790,47,443,95,429
"ortiojo91-20142015","Joni.Ortio","CGY",6,"20142015",23,"0.600","0.600",90.79,91.12,27.43,332.5,92.96,91.89,86.36,14,138,152,5,66,3,34,6,38
"leclapa82-20102011","Pascal.Leclaire","OTT",14,"20102011",27,"4.800","3.800",90.79,91.9,30.74,763.1,98.36,89.66,80.17,36,355,391,3,180,9,78,24,97
"karlshe83-20102011","Henrik.Karlsson","CGY",17,"20102011",26,"0.500","0.500",90.79,91.71,28.04,836.7,98.39,91.49,77.48,36,355,391,3,183,8,86,25,86
"hackema90-20132014","Matt.Hackett","BUF",8,"20132014",23,"0.715","0.715",90.79,91.36,33.76,424.8,97.27,88.57,81.36,22,217,239,3,107,8,62,11,48
"wardxca84-20122013","Cam.Ward","CAR",17,"20122013",28,"6.400","6.300",90.78,91.21,30.8,929.1,93.33,94.87,82.96,44,433,477,15,210,6,111,23,112
"elliobr85-20092010","Brian.Elliott","OTT",54,"20092010",24,"0.800","0.850",90.78,91.74,27.99,2975.2,96.51,91.53,81.66,128,1260,1388,21,580,32,346,75,334
"thomati74-20132014","Tim.Thomas","FLA/DAL",48,"20132014",39,"2.500","2.500",90.76,91.61,31.57,2611,97.6,90.44,79.84,127,1247,1374,15,611,35,331,77,305
"brodema72-20112012","Martin.Brodeur","N.J",59,"20112012",39,"5.200","5.200",90.76,91.58,26.04,3391.3,96.75,92.88,79.09,136,1336,1472,22,655,27,352,87,329
"niittan80-20092010","Antero.Niittymaki","T.B",48,"20092010",29,"0.600","0.600",90.75,92.22,31.51,2593.7,97.43,92.01,81.16,126,1236,1362,14,530,31,357,81,349
"gustajo84-20132014","Jonas.Gustavsson","DET",27,"20132014",28,"1.500","1.500",90.75,91.17,28.44,1550.5,97.53,91.11,77.49,68,667,735,9,355,16,164,43,148
"valiqst77-20082009","Stephen.Valiquette","NYR",15,"20082009",31,"0.725","0.725",90.74,92.36,30.72,822.3,96.99,91.59,83.11,39,382,421,5,161,9,98,25,123
"poulike90-20112012","Kevin.Poulin","NYI",6,"20112012",21,"0.613","0.604",90.74,91.99,32.82,296.2,95.89,94.44,81.13,15,147,162,3,70,2,34,10,43
"luongro79-20122013","Roberto.Luongo","VAN",20,"20122013",33,"6.714","5.333",90.74,91.32,27.63,1196.4,95.45,94.51,79.19,51,500,551,10,210,10,172,31,118
"legacma73-20092010","Manny.Legace","CAR",28,"20092010",36,"0.500","0.500",90.74,91.51,30.37,1471.7,96.06,91.67,81.52,69,676,745,13,317,17,187,39,172
"lalimpa74-20092010","Patrick.Lalime","BUF",16,"20092010",35,"1.000","1.000",90.74,91.47,30.4,852.5,95.31,92.11,82.54,40,392,432,9,183,9,105,22,104
"enrotjh88-20102011","Jhonas.Enroth","BUF",14,"20102011",22,"0.685","0.635",90.72,91.4,29.45,768.2,97.71,92.16,77,35,342,377,4,171,8,94,23,77
"reimeja88-20142015","James.Reimer","TOR",35,"20142015",26,"2.600","2.300",90.71,91.68,33.99,1766.8,95.78,92.16,82.35,93,908,1001,18,409,21,247,54,252
"quickjo86-20092010","Jonathan.Quick","L.A",71,"20092010",23,"0.570","0.560",90.71,91.64,27.25,4194.8,96.4,90.1,82.89,177,1728,1905,30,803,50,455,97,470
"gigueje77-20092010","Jean-Sebastien.Giguere","ANA/TOR",35,"20092010",32,"6.000","6.000",90.69,91.67,30.58,2022.9,95.38,91.94,83.38,96,935,1031,20,413,22,251,54,271
"rolosdw69-20092010","Dwayne.Roloson","NYI",50,"20092010",39,"2.000","2.500",90.68,91.95,32.21,2896.5,96.18,92.36,82.42,145,1410,1555,23,579,35,423,87,408
"elliobr85-20122013","Brian.Elliott","STL",24,"20122013",27,"1.700","1.800",90.68,91.14,24.44,1291.2,96.11,89.6,81.94,49,477,526,10,247,13,112,26,118
"ellisda80-20122013","Dan.Ellis","CAR",19,"20122013",32,"0.650","0.650",90.65,91.81,33.44,997.5,96.28,95.14,78.82,52,504,556,9,233,7,137,36,134
"sanfocu79-20082009","Curtis.Sanford","VAN",19,"20082009",28,"0.650","0.650",90.62,92.43,27.66,971.8,98.79,88.96,82.17,42,406,448,2,163,17,137,23,106
"pavelon87-20112012","Ondrej.Pavelec","WPG",68,"20112012",24,"1.300","1.150",90.62,91.8,31.08,3930.1,97.15,90.76,81.27,191,1845,2036,24,819,55,540,112,486
"pavelon87-20092010","Ondrej.Pavelec","ATL",42,"20092010",22,"0.850","0.850",90.61,91.84,35.08,2314.3,96.5,90.96,82.65,127,1226,1353,20,552,31,312,76,362
"ersbeer82-20092010","Erik.Ersberg","L.A",11,"20092010",27,"0.750","0.750",90.6,91.29,25.5,550.6,94.12,91.53,84.93,22,212,234,6,96,5,54,11,62
"kiprumi76-20102011","Miikka.Kiprusoff","CGY",71,"20102011",33,"7.000","5.833",90.59,91.26,27.96,4153,96.15,91.17,80.79,182,1753,1935,34,849,46,475,102,429
"lieuwna91-20132014","Nathan.Lieuwen","BUF",7,"20132014",22,"0.595","0.588",90.58,91.55,31.61,362.5,96.43,89.8,82.76,18,173,191,3,81,5,44,10,48
"johnsbr77-20092010","Brent.Johnson","PIT",23,"20092010",32,"0.525","0.525",90.57,91.92,29.3,1108,95.96,94.67,80.46,51,490,541,8,190,9,160,34,140
"emeryra82-20092010","Ray.Emery","PHI",29,"20092010",26,"3.500","3.167",90.56,91.55,27.95,1683,97.55,91.98,78.17,74,710,784,9,359,15,172,50,179
"priceca87-20082009","Carey.Price","MTL",52,"20082009",21,"0.850","0.850",90.55,91.45,29.93,3033.1,97.17,92.87,77.67,143,1370,1513,19,652,30,391,94,327
"leighmi81-20092010","Michael.Leighton","CAR/PHI",34,"20092010",28,"0.600","0.600",90.55,91.8,30,1798.2,97.45,93.7,77.7,85,814,899,10,382,15,223,60,209
"jonesma90-20142015","Martin.Jones","L.A",15,"20142015",24,"0.550","0.550",90.55,91.54,23.77,774.8,96.83,90.72,80.95,29,278,307,4,122,9,88,16,68
"kuempda90-20142015","Darcy.Kuemper","MIN",31,"20142015",24,"1.000","1.250",90.54,90.9,27.51,1568,95.99,86.49,84.32,68,651,719,14,335,25,160,29,156
"nabokev75-20132014","Evgeni.Nabokov","NYI",40,"20132014",38,"3.250","3.250",90.51,92.19,28.89,2253.3,97.37,91.09,82.09,103,982,1085,11,408,27,276,65,298
"lehnero91-20142015","Robin.Lehner","OTT",25,"20142015",23,"1.500","2.225",90.5,90.85,31.79,1470.1,94.37,91.41,82.69,74,705,779,21,352,17,181,36,172
"bryzgil80-20082009","Ilya.Bryzgalov","PHX",64,"20082009",28,"4.000","4.250",90.5,91.05,31.83,3690.4,96.02,90.67,80.69,186,1772,1958,36,868,50,486,100,418
"pavelon87-20122013","Ondrej.Pavelec","WPG",44,"20122013",25,"3.250","3.900",90.49,91.38,29.42,2550.9,95.93,91.62,81.3,119,1132,1251,21,495,32,350,66,287
"fleurma84-20092010","Marc-Andre.Fleury","PIT",66,"20092010",24,"3.500","5.000",90.48,91.61,28.03,3730.7,96.28,91.12,82.02,166,1577,1743,27,698,43,441,96,438
"priceca87-20122013","Carey.Price","MTL",39,"20122013",25,"5.500","6.500",90.47,91,27.18,2247.3,95.82,90.64,80.95,97,921,1018,20,458,25,242,52,221
"peterju86-20092010","Justin.Peters","CAR",9,"20092010",23,"0.500","0.500",90.46,92.23,29.64,487.9,98.95,85.51,84.42,23,218,241,1,94,10,59,12,65
"hardijo84-20092010","Josh.Harding","MIN",25,"20092010",25,"1.100","1.100",90.46,90.94,31.95,1299.7,94.37,92.12,82.35,66,626,692,17,285,16,187,33,154
"allenja90-20122013","Jake.Allen","STL",15,"20122013",22,"0.787","0.817",90.46,91.46,25.84,803.5,94.52,95.6,80.73,33,313,346,8,138,4,87,21,88
"smithmi82-20142015","Mike.Smith","ARI",62,"20142015",32,"6.000","5.667",90.43,91.51,33.03,3551,96.34,92.32,80.27,187,1768,1955,31,815,40,481,116,472
"bironma77-20112012","Martin.Biron","NYR",21,"20112012",34,"0.800","0.875",90.37,91.09,25.52,1220.3,96.58,89.04,81.29,50,469,519,8,226,16,130,26,113
"enrotjh88-20142015","Jhonas.Enroth","BUF/DAL",50,"20142015",26,"1.250","1.250",90.36,91.22,31.88,2830.3,96.01,91.58,80.5,145,1359,1504,27,649,33,359,85,351
"lehtoka83-20142015","Kari.Lehtonen","DAL",65,"20142015",30,"6.250","5.900",90.35,91.5,30.43,3696.8,96.82,90.82,80.69,181,1694,1875,25,762,49,485,107,447
"garonma78-20092010","Mathieu.Garon","CBJ",35,"20092010",31,"1.200","1.200",90.33,91.13,29.1,1768.8,96.26,91.16,80,83,775,858,14,360,22,227,47,188
"brodema72-20102011","Martin.Brodeur","N.J",56,"20102011",38,"5.200","5.200",90.33,91.32,25.28,3115.8,97.44,90.42,78.98,127,1186,1313,15,572,34,321,78,293
"backsni78-20092010","Niklas.Backstrom","MIN",60,"20092010",31,"6.000","6.000",90.32,90.95,28.1,3484.8,96.1,91.33,79.45,158,1474,1632,29,715,39,411,90,348
"crawfco84-20112012","Corey.Crawford","CHI",57,"20112012",26,"3.250","2.667",90.31,91.32,28.13,3214.5,96.18,91.58,80.57,146,1361,1507,26,655,31,337,89,369
"kiprumi76-20082009","Miikka.Kiprusoff","CGY",76,"20082009",31,"8.500","5.833",90.3,91.2,29.31,4411.8,96.17,91.15,80.52,209,1946,2155,36,904,53,546,120,496
"emeryra82-20132014","Ray.Emery","PHI",28,"20132014",30,"1.650","1.650",90.3,91.22,30.5,1398.9,95.85,91.49,80.95,69,642,711,13,300,16,172,40,170
"fasthvi82-20132014","Viktor.Fasth","ANA/EDM",12,"20132014",31,"2.400","2.900",90.29,91.49,29.11,700.7,96.64,91.86,80,33,307,340,5,144,7,79,21,84
"varlase88-20122013","Semyon.Varlamov","COL",35,"20122013",24,"3.000","2.833",90.27,91.68,31.02,1948,95.91,92.61,81.63,98,909,1007,16,375,21,263,61,271
"osgooch72-20102011","Chris.Osgood","DET",11,"20102011",37,"1.100","1.417",90.27,90.8,28.47,628,93.94,88.16,86.67,29,269,298,8,124,9,67,12,78
"neuvimi88-20112012","Michal.Neuvirth","WSH",38,"20112012",23,"1.150","1.150",90.27,91.04,29.02,2017.7,95.78,88.93,82.9,95,881,976,18,409,31,249,46,223
"deslaje84-20112012","Jeff.Deslauriers","ANA",4,"20112012",27,"0.600","0.613",90.27,91.08,28.11,241.2,98.08,83.33,83.72,11,102,113,1,51,3,15,7,36
"scrivbe86-20112012","Ben.Scrivens","TOR",12,"20112012",25,"0.600","0.600",90.25,91.16,32.06,671.9,94.77,89.66,84.87,35,324,359,8,145,9,78,18,101
"mcelhcu83-20092010","Curtis.McElhinney","CGY/ANA",20,"20092010",26,"0.500","0.535",90.25,90.92,30.67,1023.2,95.45,92.59,79.45,51,472,523,11,231,10,125,30,116
"staloal87-20142015","Alex.Stalock","S.J",22,"20142015",27,"1.500","1.600",90.24,91.93,26.87,1235,98.2,91.82,78.49,54,499,553,4,218,13,146,37,135
"gustajo84-20112012","Jonas.Gustavsson","TOR",42,"20112012",26,"1.400","1.350",90.24,91.6,29.93,2299.4,96.56,89.61,82.89,112,1035,1147,16,449,32,276,64,310
"gerbema74-20082009","Martin.Gerber","OTT/TOR",26,"20082009",34,"3.700","3.700",90.24,91.26,31.05,1543.9,97.2,90.05,79.65,78,721,799,10,347,21,190,47,184
"deslaje84-20092010","Jeff.Deslauriers","EDM",47,"20092010",25,"0.625","0.625",90.24,91.28,32.82,2735.3,96.08,91.02,81.17,146,1350,1496,25,613,37,375,84,362
"rinnepe82-20132014","Pekka.Rinne","NSH",24,"20132014",30,"7.000","7.000",90.23,90.56,28.35,1365.2,98.71,89.01,74.51,63,582,645,4,306,20,162,39,114
"macdojo80-20122013","Joey.MacDonald","CGY",21,"20122013",32,"0.550","0.550",90.23,91.42,29.44,1147.6,96.64,90.97,80.59,55,508,563,8,230,14,141,33,137
"gustajo84-20092010","Jonas.Gustavsson","TOR",42,"20092010",24,"0.900","0.900",90.23,91.36,29.4,2339.1,96.24,89.21,82.95,112,1034,1146,18,461,34,281,60,292
"huttoca85-20142015","Carter.Hutton","NSH",18,"20142015",28,"0.700","0.725",90.22,90.7,26.76,1008.8,94.76,87.83,84.8,44,406,450,11,199,14,101,19,106
"quickjo86-20122013","Jonathan.Quick","L.A",37,"20122013",26,"1.700","1.800",90.21,91.22,25.02,2132.2,96.35,91.06,80.31,87,802,889,14,370,22,224,51,208
"elliobr85-20082009","Brian.Elliott","OTT",31,"20082009",23,"0.942","0.942",90.2,90.6,28.29,1666.9,94.74,90.82,81.43,77,709,786,20,360,18,178,39,171
"lindban88-20122013","Anders.Lindback","T.B",24,"20122013",24,"1.400","1.800",90.19,91.24,29.57,1302.5,96.72,91.3,79.35,63,579,642,9,265,16,168,38,146
"mazanma91-20132014","Marek.Mazanec","NSH",25,"20132014",22,"0.610","0.610",90.15,90.43,28.48,1369.5,95.36,89.29,80.92,64,586,650,14,288,21,175,29,123
"leighmi81-20082009","Michael.Leighton","CAR",19,"20082009",27,"0.600","0.600",90.14,91.03,29.6,1027.6,96.28,94.67,76.06,50,457,507,8,207,8,142,34,108
"brodema72-20132014","Martin.Brodeur","N.J",39,"20132014",41,"5.000","4.500",90.11,90.58,25.37,2296,94.81,89.21,82.8,96,875,971,23,420,30,248,43,207
"garonma78-20112012","Mathieu.Garon","T.B",48,"20112012",33,"1.350","1.300",90.1,91.31,28.81,2482.5,96.75,89.05,81.82,118,1074,1192,16,477,38,309,64,288
"pavelon87-20132014","Ondrej.Pavelec","WPG",57,"20132014",26,"3.500","3.900",90.09,90.99,30.39,3245.6,96.42,91.67,78.57,163,1481,1644,26,700,38,418,99,363
"macdojo80-20082009","Joey.MacDonald","NYI",49,"20082009",28,"0.500","0.487",90.09,91.31,34.04,2792.1,95.81,92.31,80.6,157,1427,1584,28,640,32,384,97,403
"labarja80-20082009","Jason.Labarbera","L.A/VAN",27,"20082009",28,"0.850","0.825",90.08,90.98,28,1425.2,98.36,90.61,75.42,66,599,665,5,300,17,164,44,135
"garonma78-20102011","Mathieu.Garon","CBJ",36,"20102011",32,"1.200","1.200",90.08,90.83,27.5,1935.4,95.19,90.34,81.89,88,799,887,19,376,23,215,46,208
"masonst88-20102011","Steve.Mason","CBJ",54,"20102011",22,"0.850","0.850",90.07,90.63,30.59,3022.6,96.41,92.38,76.38,153,1388,1541,25,672,34,412,94,304
"marksja90-20122013","Jacob.Markstrom","FLA",23,"20122013",22,"0.875","0.875",90.07,90.76,32.5,1264.8,95.62,90,81.03,68,617,685,14,306,17,153,37,158
"deslaje84-20082009","Jeff.Deslauriers","EDM",10,"20082009",24,"0.625","0.625",90.07,90.98,33.67,538.2,95.2,91.01,81.82,30,272,302,6,119,8,81,16,72
"khudoan86-20142015","Anton.Khudobin","CAR",34,"20142015",28,"2.000","2.250",90.06,91.62,27.37,1918.5,97.21,93.36,77.82,87,788,875,10,349,16,225,61,214
"brodema72-20122013","Martin.Brodeur","N.J",29,"20122013",40,"4.000","4.500",90.06,90.81,22.36,1755.1,95.99,90.75,79.67,65,589,654,12,287,16,157,37,145
"emeryra82-20112012","Ray.Emery","CHI",34,"20112012",28,"0.600","0.600",90.05,91.38,28.23,1772.5,96.21,90.54,81.78,83,751,834,13,330,21,201,49,220
"dipieri81-20092010","Rick.Dipietro","NYI",8,"20092010",27,"4.500","4.500",90.05,90.19,26.13,461.6,94.32,91.04,80.43,20,181,201,5,83,6,61,9,37
"reimeja88-20112012","James.Reimer","TOR",34,"20112012",23,"2.200","1.800",90.04,91.54,31.13,1877.4,97.79,90.19,79.4,97,877,974,9,399,26,239,62,239
"gigueje77-20082009","Jean-Sebastien.Giguere","ANA",46,"20082009",31,"5.500","6.000",90.03,90.65,31.16,2452.8,95.59,89.02,81.61,127,1147,1274,26,563,37,300,64,284
"ellisda80-20082009","Dan.Ellis","NSH",35,"20082009",28,"1.500","1.750",90.03,91.33,29.46,1961.6,97.74,92.01,76.81,96,867,963,9,390,23,265,64,212
"ersbeer82-20082009","Erik.Ersberg","L.A",28,"20082009",26,"0.700","0.700",90.02,90.91,26.46,1476.3,97.62,86.02,81.29,65,586,651,7,287,26,160,32,139
"theodjo76-20082009","Jose.Theodore","WSH",57,"20082009",32,"4.500","4.500",90.01,90.94,28.71,3285.4,95.49,91.9,80.17,157,1415,1572,31,657,34,386,92,372
"lalimpa74-20082009","Patrick.Lalime","BUF",24,"20082009",34,"1.000","1.000",89.99,91.15,30.99,1295.4,98.36,92,74.74,67,602,669,5,299,14,161,48,142
"smithmi82-20092010","Mike.Smith","T.B",42,"20092010",27,"2.000","2.200",89.96,91.78,30.79,2270.2,97.06,93.2,78.96,117,1048,1165,13,429,23,315,81,304
"karlshe83-20112012","Henrik.Karlsson","CGY",9,"20112012",27,"0.850","0.863",89.96,90.33,31.6,453.8,90.74,96.67,83.1,24,215,239,10,98,2,58,12,59
"gigueje77-20102011","Jean-Sebastien.Giguere","TOR",33,"20102011",33,"7.000","6.000",89.96,90.67,28.59,1630.9,94.84,89.05,83.26,78,699,777,18,331,22,179,38,189
"bryzgil80-20122013","Ilya.Bryzgalov","PHI",40,"20122013",32,"6.500","5.667",89.96,91.03,27.84,2297.7,97.37,89.87,78.5,107,959,1066,12,445,32,284,63,230
"bouchbr77-20092010","Brian.Boucher","PHI",33,"20092010",32,"0.925","0.925",89.95,90.52,27.44,1740.3,97.26,88.94,77.55,80,716,796,10,355,26,209,44,152
"budajpe82-20082009","Peter.Budaj","COL",56,"20082009",25,"0.800","0.700",89.94,90.55,28.46,3227.8,96.33,88.92,79.7,154,1377,1531,26,682,47,377,81,318
"brodema72-20142015","Martin.Brodeur","STL",7,"20142015",42,"0.950","0.950",89.94,91.13,28.6,354.5,98.53,87.3,78.95,17,152,169,1,67,8,55,8,30
"smithmi82-20102011","Mike.Smith","T.B",22,"20102011",28,"2.400","2.200",89.93,90.41,28.76,1201.8,95.64,88.59,80.92,58,518,576,12,263,17,132,29,123
"backsni78-20132014","Niklas.Backstrom","MIN",21,"20132014",35,"2.500","3.417",89.93,90.49,29.96,1093.4,97,91.04,75.86,55,491,546,8,259,12,122,35,110
"masonst88-20092010","Steve.Mason","CBJ",57,"20092010",21,"0.850","0.850",89.9,90.54,30.84,3139.7,96.57,87.53,80.51,163,1451,1614,26,732,53,372,84,347
"montoal85-20122013","Al.Montoya","WPG",7,"20122013",27,"0.601","0.601",89.88,90.84,28.71,351.1,95.83,87.23,83.67,17,151,168,3,69,6,41,8,41
"bishobe86-20102011","Ben.Bishop","STL",7,"20102011",23,"0.850","0.850",89.88,90.31,27.41,367.7,93.42,95.65,78.26,17,151,168,5,71,2,44,10,36
"halakja85-20122013","Jaroslav.Halak","STL",16,"20122013",27,"4.250","3.750",89.86,91.51,21.11,812.9,97.35,92.86,77.53,29,257,286,3,110,6,78,20,69
"bobrose88-20112012","Sergei.Bobrovsky","PHI",29,"20112012",22,"0.900","0.900",89.86,91.13,29.8,1548.5,96.49,88.44,82.25,78,691,769,11,302,26,199,41,190
"sabouda80-20082009","Dany.Sabourin","PIT",19,"20082009",28,"0.525","0.512",89.85,91.51,28.1,988.6,97.33,93.89,76.55,47,416,463,5,182,8,123,34,111
"wardxca84-20132014","Cam.Ward","CAR",30,"20132014",29,"6.600","6.300",89.81,90.65,30.06,1644.5,96.56,90.78,77.73,84,740,824,13,365,20,197,51,178
"turcoma75-20082009","Marty.Turco","DAL",74,"20082009",33,"5.700","5.700",89.81,91.15,27.67,4322,96.53,92.49,78.17,203,1790,1993,28,779,44,542,131,469
"masonch76-20112012","Chris.Mason","WPG",20,"20112012",35,"2.100","1.850",89.81,90.7,25.45,994.8,94.38,93.16,80.31,43,379,422,10,168,8,109,25,102
"ellisda80-20102011","Dan.Ellis","T.B/ANA",44,"20102011",30,"1.500","1.500",89.81,90.75,27.16,2406,95.45,90.71,80.63,111,978,1089,21,441,29,283,61,254
"kolziol70-20082009","Olaf.Kolzig","T.B",8,"20082009",38,"1.500","1.500",89.8,90.39,35.91,409.4,94.5,91.3,80.6,25,220,245,6,103,6,63,13,54
"raycran80-20112012","Andrew.Raycroft","DAL",10,"20112012",31,"0.600","0.650",89.77,89.88,34.36,529.1,94.52,91.67,78.08,31,272,303,8,138,7,77,16,57
"turcoma75-20102011","Marty.Turco","CHI",29,"20102011",35,"1.300","1.300",89.74,90.55,29.43,1629.1,95.63,91.79,78.32,82,717,799,16,350,17,190,49,177
"mcelhcu83-20102011","Curtis.McElhinney","ANA/OTT",28,"20102011",27,"0.570","0.535",89.74,91.7,31.01,1395.1,97.97,90.5,79.35,74,647,721,6,289,17,162,51,196
"nilstcr84-20122013","Cristopher.Nilstorp","DAL",5,"20122013",28,"1.000","1.000",89.73,90.46,30.11,290.9,97.01,87.8,78.95,15,131,146,2,65,5,36,8,30
"garonma78-20122013","Mathieu.Garon","T.B",18,"20122013",34,"1.250","1.300",89.7,90.13,28.21,908.1,96.37,90.08,76.7,44,383,427,7,186,13,118,24,79
"raantan89-20132014","Antti.Raanta","CHI",25,"20132014",24,"0.925","0.925",89.67,90.59,26.23,1395.4,95.47,91.76,78.86,63,547,610,12,253,14,156,37,138
"clemmsc77-20132014","Scott.Clemmensen","FLA",17,"20132014",36,"1.300","1.200",89.65,90.36,29.83,913.1,95,90.7,80,47,407,454,10,190,12,117,25,100
"bironma77-20092010","Martin.Biron","NYI",29,"20092010",32,"1.400","1.400",89.64,90.63,31.57,1632.7,94.46,91.76,81.23,89,770,859,19,324,21,234,49,212
"nilssan90-20132014","Anders.Nilsson","NYI",19,"20132014",23,"0.900","0.900",89.6,91.16,29.86,1101.2,96.3,94.34,76.88,57,491,548,8,208,9,150,40,133
"niittan80-20102011","Antero.Niittymaki","S.J",24,"20102011",30,"2.000","2.000",89.59,90.73,26.12,1412.8,96.17,88.37,81.32,64,551,615,10,251,20,152,34,148
"auldxal81-20092010","Alex.Auld","DAL/NYR",24,"20092010",28,"1.000","1.000",89.51,90.38,28.16,1299.6,96.17,88.48,79.75,64,546,610,10,251,22,169,32,126
"huetxcr75-20092010","Cristobal.Huet","CHI",48,"20092010",34,"5.625","5.625",89.47,90.35,23.8,2729.9,94.74,90.19,81.03,114,969,1083,24,432,31,285,59,252
"budajpe82-20102011","Peter.Budaj","COL",45,"20102011",27,"1.250","1.250",89.47,90.73,30.38,2437,95.91,89.68,80.58,130,1104,1234,21,493,35,304,74,307
"masonst88-20112012","Steve.Mason","CBJ",46,"20112012",23,"2.600","2.900",89.45,90.13,32.1,2532.6,97.23,89.28,75.62,143,1212,1355,18,631,37,308,88,273
"emeryra82-20142015","Ray.Emery","PHI",31,"20142015",31,"1.000","1.000",89.45,90.4,29,1568.2,97.47,87.43,78.08,80,678,758,9,347,23,160,48,171
"garonma78-20082009","Mathieu.Garon","EDM/PIT",19,"20082009",30,"1.000","1.100",89.44,91.07,29.56,1019.1,97.61,88.89,79.11,53,449,502,5,204,15,120,33,125
"ramoxka86-20082009","Karri.Ramo","T.B",24,"20082009",22,"0.725","0.658",89.43,90.33,34.71,1308.4,95.41,91.8,77.88,80,677,757,14,291,20,224,46,162
"poulike90-20122013","Kevin.Poulin","NYI",5,"20122013",22,"0.613","0.604",89.34,90.62,28.46,257.2,92,96.43,81.82,13,109,122,4,46,1,27,8,36
"masonch76-20102011","Chris.Mason","ATL",32,"20102011",34,"1.600","1.850",89.33,90.51,31.6,1619.7,94.29,92.11,80.73,91,762,853,20,330,18,210,53,222
"montoal85-20112012","Al.Montoya","NYI",31,"20112012",26,"0.601","0.601",89.3,90.88,29.05,1718.4,95.94,88.51,82.31,89,743,832,13,307,27,208,49,228
"lawsona83-20102011","Nathan.Lawson","NYI",10,"20102011",26,"0.500","0.500",89.3,91.58,38.01,383.6,98.89,83.82,83.53,26,217,243,1,89,11,57,14,71
"elliobr85-20102011","Brian.Elliott","OTT/COL",55,"20102011",25,"0.900","0.850",89.3,90.51,31.2,2982.5,97.02,88.11,78.83,166,1385,1551,21,683,44,326,101,376
"bishobe86-20082009","Ben.Bishop","STL",6,"20082009",21,"0.850","0.850",89.29,90.26,27.44,244.9,96,90,78.12,12,100,112,2,48,3,27,7,25
"berrare87-20132014","Reto.Berra","CGY/COL",31,"20132014",26,"0.850","0.850",89.27,90.09,28.62,1719.2,94.68,87.22,83.05,88,732,820,19,338,29,198,40,196
"theodjo76-20122013","Jose.Theodore","FLA",15,"20122013",36,"1.500","1.500",89.26,90.11,30.67,765,93.83,87.16,85,42,349,391,10,152,14,95,18,102
"raycran80-20082009","Andrew.Raycroft","COL",31,"20082009",28,"2.200","2.000",89.23,89.65,29.12,1722.3,95.44,90.7,76.1,90,746,836,17,356,24,234,49,156
"dipieri81-20082009","Rick.Dipietro","NYI",5,"20082009",26,"4.500","4.500",89.21,90.2,32.58,256,98.53,86.21,76.19,15,124,139,1,67,4,25,10,32
"montoal85-20142015","Al.Montoya","FLA",20,"20142015",29,"1.000","1.050",89.18,89.89,27.85,976.1,95.71,86.55,80.65,49,404,453,9,201,16,103,24,100
"macdojo80-20092010","Joey.MacDonald","TOR",6,"20092010",29,"0.650","0.650",89.17,89.78,29.58,318.5,97.44,89.19,73.81,17,140,157,2,76,4,33,11,31
"poulike90-20132014","Kevin.Poulin","NYI",28,"20132014",23,"0.578","0.578",89.15,90.3,30.3,1624,97.21,87.61,78.07,89,731,820,10,348,29,205,50,178
"peterju86-20122013","Justin.Peters","CAR",19,"20122013",26,"0.525","0.537",89.15,90.82,31.9,953.5,96.68,92.59,76.4,55,452,507,7,204,10,125,38,123
"lindban88-20132014","Anders.Lindback","T.B",23,"20132014",25,"2.200","1.800",89.14,90.92,26.75,1300.7,97.26,89.73,78.41,63,517,580,6,213,19,166,38,138
"ortiojo91-20132014","Joni.Ortio","CGY",9,"20132014",22,"0.630","0.613",89.12,91.7,23.18,499.6,97.4,93.02,78.08,21,172,193,2,75,3,40,16,57
"toskave77-20082009","Vesa.Toskala","TOR",52,"20082009",31,"4.000","4.000",89.1,90.6,29.98,2993.9,96.17,90.33,78.83,163,1333,1496,24,602,38,355,101,376
"dubnyde86-20132014","Devan.Dubnyk","EDM/NSH",34,"20132014",27,"3.750","3.500",89.1,90.14,31.49,1800.5,95.43,89.44,79.4,103,842,945,18,376,30,254,55,212
"gustajo84-20102011","Jonas.Gustavsson","TOR",23,"20102011",25,"1.300","1.350",89.03,90.43,29.96,1241.6,95.93,88.24,80.75,68,552,620,10,236,22,165,36,151
"macdojo80-20132014","Joey.MacDonald","CGY",11,"20132014",33,"0.925","0.925",89.02,90.2,26.51,597.4,95.97,91.67,76.25,29,235,264,5,119,5,55,19,61
"scrivbe86-20142015","Ben.Scrivens","EDM",57,"20142015",28,"2.300","2.300",88.98,89.93,28.69,3224.9,94.2,90,80.62,170,1372,1542,37,601,45,405,88,366
"khabini73-20102011","Nikolai.Khabibulin","EDM",47,"20102011",37,"3.750","3.750",88.98,90.79,30.88,2698.4,96.1,90.19,79.91,153,1236,1389,20,493,41,377,92,366
"lalimpa74-20102011","Patrick.Lalime","BUF",7,"20102011",36,"0.600","0.600",88.96,90.46,26.82,364.7,96.83,88.89,78.26,18,145,163,2,61,6,48,10,36
"dubnyde86-20092010","Devan.Dubnyk","EDM",19,"20092010",23,"0.700","0.700",88.95,90.16,32.31,1075.2,95.6,88.67,79.89,64,515,579,11,239,17,133,36,143
"johnsch86-20142015","Chad.Johnson","NYI",19,"20142015",28,"1.000","1.300",88.93,90.33,27.87,1050.6,96.46,89.8,77.62,54,434,488,7,191,15,132,32,111
"fasthvi82-20142015","Viktor.Fasth","EDM",26,"20142015",32,"3.400","2.900",88.84,89.81,30.6,1335.2,94.65,86.9,82.24,76,605,681,16,283,22,146,38,176
"mcelhcu83-20082009","Curtis.McElhinney","CGY",13,"20082009",25,"0.500","0.500",88.8,89.37,31.94,452.7,97.41,85.94,75.41,27,214,241,3,113,9,55,15,46
"zeppxro81-20142015","Rob.Zepp","PHI",10,"20142015",33,"0.600","0.600",88.79,89.58,25.86,517.5,96.19,84,80.88,25,198,223,4,101,8,42,13,55
"osgooch72-20092010","Chris.Osgood","DET",23,"20092010",36,"1.450","1.417",88.77,89.79,26.9,1251.1,95,85.9,82.42,63,498,561,12,228,22,134,29,136
"lehnero91-20102011","Robin.Lehner","OTT",8,"20102011",19,"0.900","0.900",88.76,89.05,31.4,340.1,95.24,92,72.73,20,158,178,4,80,4,46,12,32
"dipieri81-20102011","Rick.Dipietro","NYI",25,"20102011",28,"4.500","4.500",88.75,90.08,30.06,1473.2,95.05,90.73,78.7,83,655,738,15,288,19,186,49,181
"backsni78-20142015","Niklas.Backstrom","MIN",19,"20142015",36,"3.750","3.417",88.72,89.79,27.01,1004,97.04,90.32,73.6,51,401,452,6,197,12,112,33,92
"leclapa82-20092010","Pascal.Leclaire","OTT",34,"20092010",26,"3.600","3.800",88.69,89.6,28.27,1744.3,95.12,89.5,77.78,93,729,822,18,351,23,196,52,182
"mckenmi83-20082009","Mike.McKenna","T.B",15,"20082009",25,"0.475","0.475",88.67,89.91,31.43,775,95,88.98,79.83,46,360,406,8,152,14,113,24,95
"osgooch72-20082009","Chris.Osgood","DET",46,"20082009",35,"1.700","1.417",88.66,90.21,27.25,2659.5,96.11,89.6,78.07,137,1071,1208,19,469,36,310,82,292
"rolosdw69-20112012","Dwayne.Roloson","T.B",40,"20112012",41,"3.000","3.000",88.63,90.55,32.23,2096.1,95.62,91.33,78.83,128,998,1126,19,415,26,274,83,309
"hedbejo73-20082009","Johan.Hedberg","ATL",33,"20082009",35,"1.087","1.087",88.57,89.93,30.6,1715.9,95.56,89.2,78.49,100,775,875,16,344,27,223,57,208
"bachmri87-20122013","Richard.Bachman","DAL",13,"20122013",25,"0.625","0.625",88.54,89.46,28.37,609,97.81,84.06,76.83,33,255,288,3,134,11,58,19,63
"legacma73-20082009","Manny.Legace","STL",29,"20082009",35,"2.500","2.150",88.49,89.16,27.66,1451.4,97.56,86.42,73.74,77,592,669,8,320,22,140,47,132
"hackema90-20142015","Matt.Hackett","BUF",5,"20142015",24,"0.751","0.751",88.39,89.35,37.16,250.3,97.18,83.72,78.05,18,137,155,2,69,7,36,9,32
"auldxal81-20112012","Alex.Auld","OTT",14,"20112012",30,"1.000","1.000",88.39,89.04,28.87,644.3,94.03,91.4,75.9,36,274,310,8,126,8,85,20,63
"conklty76-20112012","Ty.Conklin","DET",15,"20112012",35,"0.750","0.750",88.36,89.84,28.23,803.4,96.75,90.43,74.31,44,334,378,5,149,11,104,28,81
"johnsbr77-20112012","Brent.Johnson","PIT",16,"20112012",34,"0.600","0.600",88.3,90.74,26.59,810,97.9,90.22,75.81,42,317,359,3,140,9,83,30,94
"irvinle88-20122013","Leland.Irving","CGY",6,"20122013",24,"0.688","0.688",88.28,88.99,28.47,269.8,98.41,83.33,74.29,15,113,128,1,62,5,25,9,26
"hedbejo73-20122013","Johan.Hedberg","N.J",19,"20122013",39,"1.400","1.400",88.28,90.94,23.57,1107.2,99.35,86.18,77.52,51,384,435,1,153,21,131,29,100
"nabokev75-20142015","Evgeni.Nabokov","T.B",11,"20142015",39,"1.550","1.550",88.16,90.01,26.56,553.4,95.83,87.69,79.76,29,216,245,4,92,8,57,17,67
"conklty76-20102011","Ty.Conklin","STL",25,"20102011",34,"1.400","1.300",88.16,89.35,27.21,1285.6,95.33,92.99,72.78,69,514,583,12,245,11,146,46,123
"kiprumi76-20122013","Miikka.Kiprusoff","CGY",24,"20122013",35,"5.000","5.833",88.15,89.3,29.07,1341.6,96.04,88.6,75.42,77,573,650,11,267,22,171,44,135
"peterju86-20142015","Justin.Peters","WSH",12,"20142015",28,"0.950","0.950",88.1,89.77,27.29,646.3,96.88,87.32,76.84,35,259,294,4,124,9,62,22,73
"bouchbr77-20112012","Brian.Boucher","CAR",10,"20112012",34,"0.900","0.950",88.08,89.44,28.57,546,96.23,87.8,76.39,31,229,260,4,102,10,72,17,55
"pavelon87-20082009","Ondrej.Pavelec","ATL",12,"20082009",21,"0.850","0.850",88.04,89.41,30.14,599.3,95.12,87.36,79.12,36,265,301,6,117,11,76,19,72
"toskave77-20092010","Vesa.Toskala","TOR/CGY",32,"20092010",32,"4.000","4.000",87.97,89.45,28.91,1604.5,94.5,89.35,78.63,93,680,773,17,292,23,193,53,195
"ellisda80-20132014","Dan.Ellis","DAL/FLA",20,"20132014",33,"0.800","0.900",87.94,89.4,30.05,1026.3,95.26,85.29,80.84,62,452,514,10,201,20,116,32,135
"tokardu89-20112012","Dustin.Tokarski","T.B",5,"20112012",21,"0.550","0.575",87.93,90.32,28.59,243.4,97.62,82.35,82.5,14,102,116,1,41,6,28,7,33
"gustajo84-20122013","Jonas.Gustavsson","DET",7,"20122013",27,"1.500","1.500",87.86,88.5,24.05,349.2,93.65,87.5,78.38,17,123,140,4,59,5,35,8,29
"schneco86-20082009","Cory.Schneider","VAN",8,"20082009",22,"0.984","0.984",87.65,89.8,27.28,356.3,96.88,85.71,78.57,20,142,162,2,62,6,36,12,44
"dipieri81-20112012","Rick.Dipietro","NYI",7,"20112012",29,"4.500","4.500",87.57,88.74,30.03,353.7,96.34,86.05,75,22,155,177,3,79,6,37,13,39
"peterju86-20102011","Justin.Peters","CAR",12,"20102011",24,"0.500","0.525",87.46,90.13,31.74,648.3,98.5,85.71,76.47,43,300,343,2,131,13,78,28,91
"clemmsc77-20122013","Scott.Clemmensen","FLA",19,"20122013",35,"1.100","1.200",87.41,88.6,29.15,866.5,92.9,89.26,78.63,53,368,421,12,157,13,108,28,103
"masonch76-20122013","Chris.Mason","NSH",11,"20122013",36,"1.250","1.250",87.34,89.38,29.47,466.3,95.29,85.25,80.72,29,200,229,4,81,9,52,16,67
"marksja90-20132014","Jacob.Markstrom","FLA/VAN",16,"20132014",23,"1.000","1.200",87.26,88.5,26.65,812.8,94.41,89.01,75.23,46,315,361,9,152,10,81,27,82
"norrefr73-20082009","Fredrik.Norrena","CBJ",8,"20082009",34,"0.900","0.850",87.22,88.28,24.67,323.5,98.28,90.24,64.71,17,116,133,1,57,4,37,12,22
"stephto84-20082009","Tobias.Stephan","DAL",10,"20082009",24,"0.485","0.485",87.02,88.01,28.57,436.8,92.41,89.86,76.67,27,181,208,6,73,7,62,14,46
"labarja80-20132014","Jason.Labarbera","EDM",7,"20132014",33,"1.000","1.000",86.99,87.22,25.24,347,89.71,87.5,81.58,19,127,146,7,61,5,35,7,31
"josepcu67-20082009","Curtis.Joseph","TOR",20,"20082009",41,"0.700","0.700",86.95,88.31,27.33,840.9,93.63,86.79,78.33,50,333,383,10,147,14,92,26,94
"leclapa82-20082009","Pascal.Leclaire","CBJ",12,"20082009",25,"3.000","3.800",86.73,87.7,28.88,673.2,93.28,91.92,71.43,43,281,324,9,125,8,91,26,65
"forsban92-20142015","Anton.Forsberg","CBJ",5,"20142015",21,"0.645","0.655",86.58,89.01,35.07,254.9,96.49,85.37,76.47,20,129,149,2,55,6,35,12,39
"thiesbr86-20112012","Brad.Thiessen","PIT",5,"20112012",25,"0.525","0.525",85.84,86.79,26.33,257.5,100,78.38,66.67,16,97,113,0,52,8,29,8,16
"turcoma75-20112012","Marty.Turco","BOS",5,"20112012",36,"0.600","0.600",85.45,87.5,25.31,260.8,97.96,85.71,66.67,16,94,110,1,48,4,24,11,22
"valiqst77-20092010","Stephen.Valiquette","NYR",6,"20092010",32,"0.725","0.725",85.16,86.23,25.21,304.7,89.8,83.33,81.4,19,109,128,5,44,6,30,8,35
"bryzgil80-20142015","Ilya.Bryzgalov","ANA",8,"20142015",34,"6.000","5.667",84.67,84.93,27.38,328.7,90,90.48,68.42,23,127,150,7,63,4,38,12,26
"poggeju86-20082009","Justin.Pogge","TOR",7,"20082009",22,"0.550","0.617",84.39,86.31,27.93,371.7,93.85,87.72,68.63,27,146,173,4,61,7,50,16,35
